	Year,	Month,	Day,	DAYN,	TMIN,	TMAX,	TMEAN,	PRCP,	SNOW,	SNWD
	2009,	   08,	  1,	   1,	-9999,	-9999,	-9999,	-9999,	-9999,	-9999
	2009,	   08,	  2,	   2,	-9999,	-9999,	-9999,	-9999,	-9999,	-9999
	2009,	   08,	  3,	   3,	-9999,	-9999,	-9999,	-9999,	-9999,	-9999
	2009,	   08,	  4,	   4,	-9999,	-9999,	-9999,	-9999,	-9999,	-9999
	2009,	   08,	  5,	   5,	-9999,	-9999,	-9999,	-9999,	-9999,	-9999
	2009,	   08,	  6,	   6,	-9999,	-9999,	-9999,	-9999,	-9999,	-9999
	2009,	   08,	  7,	   7,	-9999,	-9999,	-9999,	-9999,	-9999,	-9999
	2009,	   08,	  8,	   8,	-9999,	-9999,	-9999,	-9999,	-9999,	-9999
	2009,	   08,	  9,	   9,	-9999,	-9999,	-9999,	-9999,	-9999,	-9999
	2009,	   08,	  10,	   10,	-9999,	-9999,	-9999,	-9999,	-9999,	-9999
	2009,	   08,	  11,	   11,	-9999,	-9999,	-9999,	-9999,	-9999,	-9999
	2009,	   08,	  12,	   12,	-9999,	-9999,	-9999,	-9999,	-9999,	-9999
	2009,	   08,	  13,	   13,	-9999,	-9999,	-9999,	-9999,	-9999,	-9999
	2009,	   08,	  14,	   14,	-9999,	-9999,	-9999,	    0,	-9999,	-9999
	2009,	   08,	  15,	   15,	-9999,	-9999,	-9999,	    0,	-9999,	-9999
	2009,	   08,	  16,	   16,	-9999,	-9999,	-9999,	    0,	-9999,	-9999
	2009,	   08,	  17,	   17,	-9999,	-9999,	-9999,	    0,	-9999,	-9999
	2009,	   08,	  18,	   18,	-9999,	-9999,	-9999,	    0,	-9999,	-9999
	2009,	   08,	  19,	   19,	-9999,	-9999,	-9999,	    0,	-9999,	-9999
	2009,	   08,	  20,	   20,	-9999,	-9999,	-9999,	    0,	-9999,	-9999
	2009,	   08,	  21,	   21,	-9999,	-9999,	-9999,	    5,	-9999,	-9999
	2009,	   08,	  22,	   22,	-9999,	-9999,	-9999,	    0,	-9999,	-9999
	2009,	   08,	  23,	   23,	-9999,	-9999,	-9999,	   30,	-9999,	-9999
	2009,	   08,	  24,	   24,	-9999,	-9999,	-9999,	   48,	-9999,	-9999
	2009,	   08,	  25,	   25,	-9999,	-9999,	-9999,	    0,	-9999,	-9999
	2009,	   08,	  26,	   26,	-9999,	-9999,	-9999,	    0,	-9999,	-9999
	2009,	   08,	  27,	   27,	-9999,	-9999,	-9999,	    0,	-9999,	-9999
	2009,	   08,	  28,	   28,	-9999,	-9999,	-9999,	    0,	-9999,	-9999
	2009,	   08,	  29,	   29,	-9999,	-9999,	-9999,	   10,	-9999,	-9999
	2009,	   08,	  30,	   30,	-9999,	-9999,	-9999,	  450,	-9999,	-9999
	2009,	   08,	  31,	   31,	-9999,	-9999,	-9999,	    0,	-9999,	-9999
	2009,	   09,	  1,	   32,	-9999,	-9999,	-9999,	    0,	-9999,	-9999
	2009,	   09,	  2,	   33,	-9999,	-9999,	-9999,	    0,	-9999,	-9999
	2009,	   09,	  3,	   34,	-9999,	-9999,	-9999,	    0,	-9999,	-9999
	2009,	   09,	  4,	   35,	-9999,	-9999,	-9999,	    0,	-9999,	-9999
	2009,	   09,	  5,	   36,	-9999,	-9999,	-9999,	    0,	-9999,	-9999
	2009,	   09,	  6,	   37,	-9999,	-9999,	-9999,	    0,	-9999,	-9999
	2009,	   09,	  7,	   38,	-9999,	-9999,	-9999,	    0,	-9999,	-9999
	2009,	   09,	  8,	   39,	-9999,	-9999,	-9999,	    0,	-9999,	-9999
	2009,	   09,	  9,	   40,	-9999,	-9999,	-9999,	    0,	-9999,	-9999
	2009,	   09,	  10,	   41,	-9999,	-9999,	-9999,	    0,	-9999,	-9999
	2009,	   09,	  11,	   42,	-9999,	-9999,	-9999,	    0,	-9999,	-9999
	2009,	   09,	  12,	   43,	-9999,	-9999,	-9999,	    0,	-9999,	-9999
	2009,	   09,	  13,	   44,	-9999,	-9999,	-9999,	    0,	-9999,	-9999
	2009,	   09,	  14,	   45,	-9999,	-9999,	-9999,	    5,	    0,	-9999
	2009,	   09,	  15,	   46,	-9999,	-9999,	-9999,	    3,	    0,	-9999
	2009,	   09,	  16,	   47,	-9999,	-9999,	-9999,	    0,	    0,	-9999
	2009,	   09,	  17,	   48,	-9999,	-9999,	-9999,	    0,	    0,	-9999
	2009,	   09,	  18,	   49,	-9999,	-9999,	-9999,	    0,	    0,	-9999
	2009,	   09,	  19,	   50,	-9999,	-9999,	-9999,	    3,	    0,	-9999
	2009,	   09,	  20,	   51,	-9999,	-9999,	-9999,	    0,	    0,	-9999
	2009,	   09,	  21,	   52,	-9999,	-9999,	-9999,	    0,	-9999,	-9999
	2009,	   09,	  22,	   53,	-9999,	-9999,	-9999,	    0,	-9999,	-9999
	2009,	   09,	  23,	   54,	-9999,	-9999,	-9999,	    0,	-9999,	-9999
	2009,	   09,	  24,	   55,	-9999,	-9999,	-9999,	   25,	-9999,	-9999
	2009,	   09,	  25,	   56,	-9999,	-9999,	-9999,	    5,	    0,	-9999
	2009,	   09,	  26,	   57,	-9999,	-9999,	-9999,	    0,	    0,	-9999
	2009,	   09,	  27,	   58,	-9999,	-9999,	-9999,	    0,	    0,	-9999
	2009,	   09,	  28,	   59,	-9999,	-9999,	-9999,	  150,	    0,	-9999
	2009,	   09,	  29,	   60,	-9999,	-9999,	-9999,	   99,	-9999,	-9999
	2009,	   09,	  30,	   61,	-9999,	-9999,	-9999,	    8,	-9999,	-9999
	2009,	   10,	  1,	   62,	-9999,	-9999,	-9999,	    8,	    0,	-9999
	2009,	   10,	  2,	   63,	-9999,	-9999,	-9999,	    0,	    0,	-9999
	2009,	   10,	  3,	   64,	-9999,	-9999,	-9999,	    0,	    0,	-9999
	2009,	   10,	  4,	   65,	-9999,	-9999,	-9999,	  323,	    0,	-9999
	2009,	   10,	  5,	   66,	-9999,	-9999,	-9999,	   10,	    0,	-9999
	2009,	   10,	  6,	   67,	-9999,	-9999,	-9999,	   23,	    0,	-9999
	2009,	   10,	  7,	   68,	-9999,	-9999,	-9999,	    8,	    0,	-9999
	2009,	   10,	  8,	   69,	-9999,	-9999,	-9999,	  150,	    0,	-9999
	2009,	   10,	  9,	   70,	-9999,	-9999,	-9999,	    0,	    0,	-9999
	2009,	   10,	  10,	   71,	-9999,	-9999,	-9999,	  124,	    0,	-9999
	2009,	   10,	  11,	   72,	-9999,	-9999,	-9999,	    0,	    0,	-9999
	2009,	   10,	  12,	   73,	-9999,	-9999,	-9999,	    0,	    0,	-9999
	2009,	   10,	  13,	   74,	-9999,	-9999,	-9999,	   13,	-9999,	-9999
	2009,	   10,	  14,	   75,	-9999,	-9999,	-9999,	  124,	-9999,	-9999
	2009,	   10,	  15,	   76,	-9999,	-9999,	-9999,	    0,	-9999,	-9999
	2009,	   10,	  16,	   77,	-9999,	-9999,	-9999,	    0,	    0,	-9999
	2009,	   10,	  17,	   78,	-9999,	-9999,	-9999,	    0,	    0,	-9999
	2009,	   10,	  18,	   79,	-9999,	-9999,	-9999,	    0,	    0,	-9999
	2009,	   10,	  19,	   80,	-9999,	-9999,	-9999,	   97,	-9999,	-9999
	2009,	   10,	  20,	   81,	-9999,	-9999,	-9999,	    0,	    0,	-9999
	2009,	   10,	  21,	   82,	-9999,	-9999,	-9999,	    0,	    0,	-9999
	2009,	   10,	  22,	   83,	-9999,	-9999,	-9999,	   18,	    0,	-9999
	2009,	   10,	  23,	   84,	-9999,	-9999,	-9999,	   25,	    0,	-9999
	2009,	   10,	  24,	   85,	-9999,	-9999,	-9999,	   53,	-9999,	-9999
	2009,	   10,	  25,	   86,	-9999,	-9999,	-9999,	  422,	-9999,	-9999
	2009,	   10,	  26,	   87,	-9999,	-9999,	-9999,	    0,	    0,	-9999
	2009,	   10,	  27,	   88,	-9999,	-9999,	-9999,	    0,	    0,	-9999
	2009,	   10,	  28,	   89,	-9999,	-9999,	-9999,	    0,	-9999,	-9999
	2009,	   10,	  29,	   90,	-9999,	-9999,	-9999,	    0,	-9999,	-9999
	2009,	   10,	  30,	   91,	-9999,	-9999,	-9999,	    0,	-9999,	-9999
	2009,	   10,	  31,	   92,	-9999,	-9999,	-9999,	    5,	    0,	-9999
	2009,	   11,	  1,	   93,	-9999,	-9999,	-9999,	   48,	-9999,	-9999
	2009,	   11,	  2,	   94,	-9999,	-9999,	-9999,	-9999,	    0,	-9999
	2009,	   11,	  3,	   95,	-9999,	-9999,	-9999,	    0,	    0,	-9999
	2009,	   11,	  4,	   96,	-9999,	-9999,	-9999,	    0,	-9999,	-9999
	2009,	   11,	  5,	   97,	-9999,	-9999,	-9999,	    0,	-9999,	-9999
	2009,	   11,	  6,	   98,	-9999,	-9999,	-9999,	   13,	-9999,	-9999
	2009,	   11,	  7,	   99,	-9999,	-9999,	-9999,	    0,	-9999,	-9999
	2009,	   11,	  8,	   100,	-9999,	-9999,	-9999,	-9999,	-9999,	-9999
	2009,	   11,	  9,	   101,	-9999,	-9999,	-9999,	-9999,	    0,	-9999
	2009,	   11,	  10,	   102,	-9999,	-9999,	-9999,	-9999,	-9999,	-9999
	2009,	   11,	  11,	   103,	-9999,	-9999,	-9999,	-9999,	    0,	-9999
	2009,	   11,	  12,	   104,	-9999,	-9999,	-9999,	-9999,	    0,	-9999
	2009,	   11,	  13,	   105,	-9999,	-9999,	-9999,	-9999,	-9999,	-9999
	2009,	   11,	  14,	   106,	-9999,	-9999,	-9999,	-9999,	-9999,	-9999
	2009,	   11,	  15,	   107,	-9999,	-9999,	-9999,	-9999,	    0,	-9999
	2009,	   11,	  16,	   108,	-9999,	-9999,	-9999,	-9999,	    0,	-9999
	2009,	   11,	  17,	   109,	-9999,	-9999,	-9999,	-9999,	    0,	-9999
	2009,	   11,	  18,	   110,	-9999,	-9999,	-9999,	-9999,	    0,	-9999
	2009,	   11,	  19,	   111,	-9999,	-9999,	-9999,	    0,	-9999,	-9999
	2009,	   11,	  20,	   112,	-9999,	-9999,	-9999,	    0,	-9999,	-9999
	2009,	   11,	  21,	   113,	-9999,	-9999,	-9999,	   84,	    0,	-9999
	2009,	   11,	  22,	   114,	-9999,	-9999,	-9999,	    0,	-9999,	-9999
	2009,	   11,	  23,	   115,	-9999,	-9999,	-9999,	    0,	-9999,	-9999
	2009,	   11,	  24,	   116,	-9999,	-9999,	-9999,	    0,	-9999,	-9999
	2009,	   11,	  25,	   117,	-9999,	-9999,	-9999,	   30,	-9999,	-9999
	2009,	   11,	  26,	   118,	-9999,	-9999,	-9999,	    0,	    0,	-9999
	2009,	   11,	  27,	   119,	-9999,	-9999,	-9999,	-9999,	    0,	-9999
	2009,	   11,	  28,	   120,	-9999,	-9999,	-9999,	-9999,	    0,	-9999
	2009,	   11,	  29,	   121,	-9999,	-9999,	-9999,	-9999,	    0,	-9999
	2009,	   11,	  30,	   122,	-9999,	-9999,	-9999,	-9999,	    0,	-9999
	2009,	   12,	  1,	   123,	-9999,	-9999,	-9999,	   58,	-9999,	-9999
	2009,	   12,	  2,	   124,	-9999,	-9999,	-9999,	    0,	-9999,	-9999
	2009,	   12,	  3,	   125,	-9999,	-9999,	-9999,	   46,	    0,	-9999
	2009,	   12,	  4,	   126,	-9999,	-9999,	-9999,	  213,	-9999,	-9999
	2009,	   12,	  5,	   127,	-9999,	-9999,	-9999,	    0,	    0,	-9999
	2009,	   12,	  6,	   128,	-9999,	-9999,	-9999,	  168,	-9999,	-9999
	2009,	   12,	  7,	   129,	-9999,	-9999,	-9999,	    0,	    0,	-9999
	2009,	   12,	  8,	   130,	-9999,	-9999,	-9999,	    0,	-9999,	-9999
	2009,	   12,	  9,	   131,	-9999,	-9999,	-9999,	    0,	-9999,	-9999
	2009,	   12,	  10,	   132,	-9999,	-9999,	-9999,	  417,	-9999,	-9999
	2009,	   12,	  11,	   133,	-9999,	-9999,	-9999,	    0,	-9999,	-9999
	2009,	   12,	  12,	   134,	-9999,	-9999,	-9999,	    0,	-9999,	-9999
	2009,	   12,	  13,	   135,	-9999,	-9999,	-9999,	    0,	-9999,	-9999
	2009,	   12,	  14,	   136,	-9999,	-9999,	-9999,	  122,	-9999,	-9999
	2009,	   12,	  15,	   137,	-9999,	-9999,	-9999,	   20,	-9999,	-9999
	2009,	   12,	  16,	   138,	-9999,	-9999,	-9999,	    0,	-9999,	-9999
	2009,	   12,	  17,	   139,	-9999,	-9999,	-9999,	-9999,	-9999,	-9999
	2009,	   12,	  18,	   140,	-9999,	-9999,	-9999,	-9999,	-9999,	-9999
	2009,	   12,	  19,	   141,	-9999,	-9999,	-9999,	-9999,	    0,	-9999
	2009,	   12,	  20,	   142,	-9999,	-9999,	-9999,	-9999,	    0,	-9999
	2009,	   12,	  21,	   143,	-9999,	-9999,	-9999,	    0,	-9999,	-9999
	2009,	   12,	  22,	   144,	-9999,	-9999,	-9999,	    0,	    0,	-9999
	2009,	   12,	  23,	   145,	-9999,	-9999,	-9999,	    0,	    0,	-9999
	2009,	   12,	  24,	   146,	-9999,	-9999,	-9999,	    0,	    0,	-9999
	2009,	   12,	  25,	   147,	-9999,	-9999,	-9999,	    0,	-9999,	-9999
	2009,	   12,	  26,	   148,	-9999,	-9999,	-9999,	    0,	    0,	-9999
	2009,	   12,	  27,	   149,	-9999,	-9999,	-9999,	    0,	-9999,	-9999
	2009,	   12,	  28,	   150,	-9999,	-9999,	-9999,	  119,	-9999,	-9999
	2009,	   12,	  29,	   151,	-9999,	-9999,	-9999,	  117,	-9999,	-9999
	2009,	   12,	  30,	   152,	-9999,	-9999,	-9999,	    0,	-9999,	-9999
	2009,	   12,	  31,	   153,	-9999,	-9999,	-9999,	    0,	-9999,	-9999
	2010,	   01,	  1,	   1,	-9999,	-9999,	-9999,	   81,	-9999,	-9999
	2010,	   01,	  2,	   2,	-9999,	-9999,	-9999,	-9999,	    0,	-9999
	2010,	   01,	  3,	   3,	-9999,	-9999,	-9999,	  282,	-9999,	-9999
	2010,	   01,	  4,	   4,	-9999,	-9999,	-9999,	-9999,	-9999,	-9999
	2010,	   01,	  5,	   5,	-9999,	-9999,	-9999,	   33,	    0,	-9999
	2010,	   01,	  6,	   6,	-9999,	-9999,	-9999,	-9999,	  155,	  155
	2010,	   01,	  7,	   7,	-9999,	-9999,	-9999,	-9999,	    0,	-9999
	2010,	   01,	  8,	   8,	-9999,	-9999,	-9999,	    0,	    0,	-9999
	2010,	   01,	  9,	   9,	-9999,	-9999,	-9999,	-9999,	    0,	   76
	2010,	   01,	  10,	   10,	-9999,	-9999,	-9999,	-9999,	  157,	  229
	2010,	   01,	  11,	   11,	-9999,	-9999,	-9999,	-9999,	-9999,	-9999
	2010,	   01,	  12,	   12,	-9999,	-9999,	-9999,	-9999,	    0,	-9999
	2010,	   01,	  13,	   13,	-9999,	-9999,	-9999,	-9999,	    0,	-9999
	2010,	   01,	  14,	   14,	-9999,	-9999,	-9999,	-9999,	-9999,	  152
	2010,	   01,	  15,	   15,	-9999,	-9999,	-9999,	-9999,	   25,	  152
	2010,	   01,	  16,	   16,	-9999,	-9999,	-9999,	-9999,	    0,	-9999
	2010,	   01,	  17,	   17,	-9999,	-9999,	-9999,	-9999,	-9999,	-9999
	2010,	   01,	  18,	   18,	-9999,	-9999,	-9999,	-9999,	-9999,	-9999
	2010,	   01,	  19,	   19,	-9999,	-9999,	-9999,	-9999,	-9999,	-9999
	2010,	   01,	  20,	   20,	-9999,	-9999,	-9999,	-9999,	-9999,	-9999
	2010,	   01,	  21,	   21,	-9999,	-9999,	-9999,	-9999,	    0,	-9999
	2010,	   01,	  22,	   22,	-9999,	-9999,	-9999,	-9999,	    0,	  140
	2010,	   01,	  23,	   23,	-9999,	-9999,	-9999,	-9999,	    0,	  140
	2010,	   01,	  24,	   24,	-9999,	-9999,	-9999,	-9999,	-9999,	-9999
	2010,	   01,	  25,	   25,	-9999,	-9999,	-9999,	   30,	    0,	-9999
	2010,	   01,	  26,	   26,	-9999,	-9999,	-9999,	  353,	    0,	-9999
	2010,	   01,	  27,	   27,	-9999,	-9999,	-9999,	   20,	-9999,	  140
	2010,	   01,	  28,	   28,	-9999,	-9999,	-9999,	-9999,	-9999,	   76
	2010,	   01,	  29,	   29,	-9999,	-9999,	-9999,	-9999,	  127,	  203
	2010,	   01,	  30,	   30,	-9999,	-9999,	-9999,	-9999,	    0,	  203
	2010,	   01,	  31,	   31,	-9999,	-9999,	-9999,	-9999,	    0,	  178
	2010,	   02,	  1,	   32,	-9999,	-9999,	-9999,	-9999,	   64,	  254
	2010,	   02,	  2,	   33,	-9999,	-9999,	-9999,	-9999,	-9999,	-9999
	2010,	   02,	  3,	   34,	-9999,	-9999,	-9999,	-9999,	  305,	  457
	2010,	   02,	  4,	   35,	-9999,	-9999,	-9999,	-9999,	-9999,	-9999
	2010,	   02,	  5,	   36,	-9999,	-9999,	-9999,	-9999,	   25,	  279
	2010,	   02,	  6,	   37,	-9999,	-9999,	-9999,	-9999,	-9999,	-9999
	2010,	   02,	  7,	   38,	-9999,	-9999,	-9999,	-9999,	-9999,	-9999
	2010,	   02,	  8,	   39,	-9999,	-9999,	-9999,	-9999,	    0,	  292
	2010,	   02,	  9,	   40,	-9999,	-9999,	-9999,	-9999,	-9999,	-9999
	2010,	   02,	  10,	   41,	-9999,	-9999,	-9999,	-9999,	-9999,	-9999
	2010,	   02,	  11,	   42,	-9999,	-9999,	-9999,	-9999,	-9999,	-9999
	2010,	   02,	  12,	   43,	-9999,	-9999,	-9999,	-9999,	-9999,	-9999
	2010,	   02,	  13,	   44,	-9999,	-9999,	-9999,	-9999,	-9999,	-9999
	2010,	   02,	  14,	   45,	-9999,	-9999,	-9999,	-9999,	-9999,	-9999
	2010,	   02,	  15,	   46,	-9999,	-9999,	-9999,	-9999,	-9999,	-9999
	2010,	   02,	  16,	   47,	-9999,	-9999,	-9999,	-9999,	-9999,	-9999
	2010,	   02,	  17,	   48,	-9999,	-9999,	-9999,	-9999,	-9999,	-9999
	2010,	   02,	  18,	   49,	-9999,	-9999,	-9999,	-9999,	-9999,	-9999
	2010,	   02,	  19,	   50,	-9999,	-9999,	-9999,	-9999,	-9999,	-9999
	2010,	   02,	  20,	   51,	-9999,	-9999,	-9999,	-9999,	-9999,	-9999
	2010,	   02,	  21,	   52,	-9999,	-9999,	-9999,	-9999,	-9999,	-9999
	2010,	   02,	  22,	   53,	-9999,	-9999,	-9999,	-9999,	-9999,	-9999
	2010,	   02,	  23,	   54,	-9999,	-9999,	-9999,	-9999,	-9999,	-9999
	2010,	   02,	  24,	   55,	-9999,	-9999,	-9999,	-9999,	-9999,	-9999
	2010,	   02,	  25,	   56,	-9999,	-9999,	-9999,	   94,	-9999,	  368
	2010,	   02,	  26,	   57,	-9999,	-9999,	-9999,	  279,	-9999,	  178
	2010,	   02,	  27,	   58,	-9999,	-9999,	-9999,	  109,	-9999,	  178
	2010,	   02,	  28,	   59,	-9999,	-9999,	-9999,	   25,	-9999,	-9999
	2010,	   03,	  1,	   60,	-9999,	-9999,	-9999,	    0,	   64,	  254
	2010,	   03,	  2,	   61,	-9999,	-9999,	-9999,	    0,	-9999,	-9999
	2010,	   03,	  3,	   62,	-9999,	-9999,	-9999,	    0,	  305,	  457
	2010,	   03,	  4,	   63,	-9999,	-9999,	-9999,	    0,	-9999,	-9999
	2010,	   03,	  5,	   64,	-9999,	-9999,	-9999,	    0,	   25,	  279
	2010,	   03,	  6,	   65,	-9999,	-9999,	-9999,	    0,	-9999,	-9999
	2010,	   03,	  7,	   66,	-9999,	-9999,	-9999,	    0,	-9999,	-9999
	2010,	   03,	  8,	   67,	-9999,	-9999,	-9999,	    0,	    0,	  292
	2010,	   03,	  9,	   68,	-9999,	-9999,	-9999,	    0,	-9999,	-9999
	2010,	   03,	  10,	   69,	-9999,	-9999,	-9999,	    0,	-9999,	-9999
	2010,	   03,	  11,	   70,	-9999,	-9999,	-9999,	    0,	-9999,	-9999
	2010,	   03,	  12,	   71,	-9999,	-9999,	-9999,	    0,	-9999,	-9999
	2010,	   03,	  13,	   72,	-9999,	-9999,	-9999,	    0,	-9999,	-9999
	2010,	   03,	  14,	   73,	-9999,	-9999,	-9999,	    0,	-9999,	-9999
	2010,	   03,	  15,	   74,	-9999,	-9999,	-9999,	    0,	-9999,	-9999
	2010,	   03,	  16,	   75,	-9999,	-9999,	-9999,	    0,	-9999,	-9999
	2010,	   03,	  17,	   76,	-9999,	-9999,	-9999,	    0,	-9999,	-9999
	2010,	   03,	  18,	   77,	-9999,	-9999,	-9999,	    0,	-9999,	-9999
	2010,	   03,	  19,	   78,	-9999,	-9999,	-9999,	    0,	-9999,	-9999
	2010,	   03,	  20,	   79,	-9999,	-9999,	-9999,	    0,	-9999,	-9999
	2010,	   03,	  21,	   80,	-9999,	-9999,	-9999,	    0,	-9999,	-9999
	2010,	   03,	  22,	   81,	-9999,	-9999,	-9999,	    0,	-9999,	-9999
	2010,	   03,	  23,	   82,	-9999,	-9999,	-9999,	    0,	-9999,	-9999
	2010,	   03,	  24,	   83,	-9999,	-9999,	-9999,	  561,	-9999,	-9999
	2010,	   03,	  25,	   84,	-9999,	-9999,	-9999,	    5,	-9999,	  368
	2010,	   03,	  26,	   85,	-9999,	-9999,	-9999,	   10,	-9999,	  178
	2010,	   03,	  27,	   86,	-9999,	-9999,	-9999,	    0,	-9999,	  178
	2010,	   03,	  28,	   87,	-9999,	-9999,	-9999,	    0,	-9999,	-9999
	2010,	   03,	  29,	   88,	-9999,	-9999,	-9999,	    3,	-9999,	-9999
	2010,	   03,	  30,	   89,	-9999,	-9999,	-9999,	  368,	-9999,	-9999
	2010,	   03,	  31,	   90,	-9999,	-9999,	-9999,	  178,	-9999,	-9999
	2010,	   04,	  1,	   91,	-9999,	-9999,	-9999,	   53,	    0,	  254
	2010,	   04,	  2,	   92,	-9999,	-9999,	-9999,	    0,	    0,	-9999
	2010,	   04,	  3,	   93,	-9999,	-9999,	-9999,	    0,	    0,	  457
	2010,	   04,	  4,	   94,	-9999,	-9999,	-9999,	    0,	    0,	-9999
	2010,	   04,	  5,	   95,	-9999,	-9999,	-9999,	    0,	    0,	  279
	2010,	   04,	  6,	   96,	-9999,	-9999,	-9999,	    0,	    0,	-9999
	2010,	   04,	  7,	   97,	-9999,	-9999,	-9999,	  132,	    0,	-9999
	2010,	   04,	  8,	   98,	-9999,	-9999,	-9999,	    5,	    0,	  292
	2010,	   04,	  9,	   99,	-9999,	-9999,	-9999,	    0,	    0,	-9999
	2010,	   04,	  10,	   100,	-9999,	-9999,	-9999,	  241,	    0,	-9999
	2010,	   04,	  11,	   101,	-9999,	-9999,	-9999,	    0,	    0,	-9999
	2010,	   04,	  12,	   102,	-9999,	-9999,	-9999,	    0,	    0,	-9999
	2010,	   04,	  13,	   103,	-9999,	-9999,	-9999,	    0,	    0,	-9999
	2010,	   04,	  14,	   104,	-9999,	-9999,	-9999,	    0,	    0,	-9999
	2010,	   04,	  15,	   105,	-9999,	-9999,	-9999,	    0,	    0,	-9999
	2010,	   04,	  16,	   106,	-9999,	-9999,	-9999,	    0,	    0,	-9999
	2010,	   04,	  17,	   107,	-9999,	-9999,	-9999,	    0,	    0,	-9999
	2010,	   04,	  18,	   108,	-9999,	-9999,	-9999,	    0,	    0,	-9999
	2010,	   04,	  19,	   109,	-9999,	-9999,	-9999,	   10,	    0,	-9999
	2010,	   04,	  20,	   110,	-9999,	-9999,	-9999,	    0,	    0,	-9999
	2010,	   04,	  21,	   111,	-9999,	-9999,	-9999,	   15,	    0,	-9999
	2010,	   04,	  22,	   112,	-9999,	-9999,	-9999,	   33,	    0,	-9999
	2010,	   04,	  23,	   113,	-9999,	-9999,	-9999,	    8,	-9999,	-9999
	2010,	   04,	  24,	   114,	-9999,	-9999,	-9999,	   53,	-9999,	-9999
	2010,	   04,	  25,	   115,	-9999,	-9999,	-9999,	-9999,	-9999,	  368
	2010,	   04,	  26,	   116,	-9999,	-9999,	-9999,	-9999,	-9999,	  178
	2010,	   04,	  27,	   117,	-9999,	-9999,	-9999,	-9999,	    0,	  178
	2010,	   04,	  28,	   118,	-9999,	-9999,	-9999,	-9999,	    0,	-9999
	2010,	   04,	  29,	   119,	-9999,	-9999,	-9999,	-9999,	    0,	-9999
	2010,	   04,	  30,	   120,	-9999,	-9999,	-9999,	    0,	-9999,	-9999
	2010,	   05,	  1,	   121,	-9999,	-9999,	-9999,	    0,	-9999,	  254
	2010,	   05,	  2,	   122,	-9999,	-9999,	-9999,	    0,	    0,	-9999
	2010,	   05,	  3,	   123,	-9999,	-9999,	-9999,	    0,	    0,	  457
	2010,	   05,	  4,	   124,	-9999,	-9999,	-9999,	   13,	    0,	-9999
	2010,	   05,	  5,	   125,	-9999,	-9999,	-9999,	   48,	    0,	  279
	2010,	   05,	  6,	   126,	-9999,	-9999,	-9999,	    0,	    0,	-9999
	2010,	   05,	  7,	   127,	-9999,	-9999,	-9999,	   89,	-9999,	-9999
	2010,	   05,	  8,	   128,	-9999,	-9999,	-9999,	    5,	-9999,	  292
	2010,	   05,	  9,	   129,	-9999,	-9999,	-9999,	   94,	    0,	-9999
	2010,	   05,	  10,	   130,	-9999,	-9999,	-9999,	    5,	-9999,	-9999
	2010,	   05,	  11,	   131,	-9999,	-9999,	-9999,	    0,	    0,	-9999
	2010,	   05,	  12,	   132,	-9999,	-9999,	-9999,	    0,	    0,	-9999
	2010,	   05,	  13,	   133,	-9999,	-9999,	-9999,	    0,	    0,	-9999
	2010,	   05,	  14,	   134,	-9999,	-9999,	-9999,	    0,	    0,	-9999
	2010,	   05,	  15,	   135,	-9999,	-9999,	-9999,	    0,	    0,	-9999
	2010,	   05,	  16,	   136,	-9999,	-9999,	-9999,	    0,	    0,	-9999
	2010,	   05,	  17,	   137,	-9999,	-9999,	-9999,	    0,	    0,	-9999
	2010,	   05,	  18,	   138,	-9999,	-9999,	-9999,	    0,	    0,	-9999
	2010,	   05,	  19,	   139,	-9999,	-9999,	-9999,	    0,	-9999,	-9999
	2010,	   05,	  20,	   140,	-9999,	-9999,	-9999,	  170,	    0,	-9999
	2010,	   05,	  21,	   141,	-9999,	-9999,	-9999,	    0,	-9999,	-9999
	2010,	   05,	  22,	   142,	-9999,	-9999,	-9999,	    0,	-9999,	-9999
	2010,	   05,	  23,	   143,	-9999,	-9999,	-9999,	    0,	-9999,	-9999
	2010,	   05,	  24,	   144,	-9999,	-9999,	-9999,	    0,	-9999,	-9999
	2010,	   05,	  25,	   145,	-9999,	-9999,	-9999,	    0,	-9999,	  368
	2010,	   05,	  26,	   146,	-9999,	-9999,	-9999,	   13,	-9999,	  178
	2010,	   05,	  27,	   147,	-9999,	-9999,	-9999,	    0,	-9999,	  178
	2010,	   05,	  28,	   148,	-9999,	-9999,	-9999,	    0,	-9999,	-9999
	2010,	   05,	  29,	   149,	-9999,	-9999,	-9999,	    0,	-9999,	-9999
	2010,	   05,	  30,	   150,	-9999,	-9999,	-9999,	    0,	    0,	-9999
	2010,	   05,	  31,	   151,	-9999,	-9999,	-9999,	    0,	-9999,	-9999
	2010,	   06,	  1,	   152,	-9999,	-9999,	-9999,	    0,	    0,	  254
	2010,	   06,	  2,	   153,	-9999,	-9999,	-9999,	  114,	    0,	-9999
	2010,	   06,	  3,	   154,	-9999,	-9999,	-9999,	    0,	    0,	  457
	2010,	   06,	  4,	   155,	-9999,	-9999,	-9999,	   51,	-9999,	-9999
	2010,	   06,	  5,	   156,	-9999,	-9999,	-9999,	   28,	-9999,	  279
	2010,	   06,	  6,	   157,	-9999,	-9999,	-9999,	-9999,	    0,	-9999
	2010,	   06,	  7,	   158,	-9999,	-9999,	-9999,	-9999,	-9999,	-9999
	2010,	   06,	  8,	   159,	-9999,	-9999,	-9999,	-9999,	-9999,	  292
	2010,	   06,	  9,	   160,	-9999,	-9999,	-9999,	-9999,	-9999,	-9999
	2010,	   06,	  10,	   161,	-9999,	-9999,	-9999,	    0,	-9999,	-9999
	2010,	   06,	  11,	   162,	-9999,	-9999,	-9999,	    8,	    0,	-9999
	2010,	   06,	  12,	   163,	-9999,	-9999,	-9999,	-9999,	    0,	-9999
	2010,	   06,	  13,	   164,	-9999,	-9999,	-9999,	-9999,	    0,	-9999
	2010,	   06,	  14,	   165,	-9999,	-9999,	-9999,	-9999,	    0,	-9999
	2010,	   06,	  15,	   166,	-9999,	-9999,	-9999,	-9999,	    0,	-9999
	2010,	   06,	  16,	   167,	-9999,	-9999,	-9999,	-9999,	    0,	-9999
	2010,	   06,	  17,	   168,	-9999,	-9999,	-9999,	   58,	    0,	-9999
	2010,	   06,	  18,	   169,	-9999,	-9999,	-9999,	   28,	    0,	-9999
	2010,	   06,	  19,	   170,	-9999,	-9999,	-9999,	    0,	    0,	-9999
	2010,	   06,	  20,	   171,	-9999,	-9999,	-9999,	    0,	-9999,	-9999
	2010,	   06,	  21,	   172,	-9999,	-9999,	-9999,	  102,	    0,	-9999
	2010,	   06,	  22,	   173,	-9999,	-9999,	-9999,	    0,	    0,	-9999
	2010,	   06,	  23,	   174,	-9999,	-9999,	-9999,	    0,	    0,	-9999
	2010,	   06,	  24,	   175,	-9999,	-9999,	-9999,	   94,	    0,	-9999
	2010,	   06,	  25,	   176,	-9999,	-9999,	-9999,	   69,	    0,	  368
	2010,	   06,	  26,	   177,	-9999,	-9999,	-9999,	   30,	-9999,	  178
	2010,	   06,	  27,	   178,	-9999,	-9999,	-9999,	    0,	    0,	  178
	2010,	   06,	  28,	   179,	-9999,	-9999,	-9999,	   58,	    0,	-9999
	2010,	   06,	  29,	   180,	-9999,	-9999,	-9999,	  132,	    0,	-9999
	2010,	   06,	  30,	   181,	-9999,	-9999,	-9999,	   84,	    0,	-9999
	2010,	   07,	  1,	   182,	-9999,	-9999,	-9999,	    0,	    0,	  254
	2010,	   07,	  2,	   183,	-9999,	-9999,	-9999,	   10,	-9999,	-9999
	2010,	   07,	  3,	   184,	-9999,	-9999,	-9999,	    0,	-9999,	  457
	2010,	   07,	  4,	   185,	-9999,	-9999,	-9999,	    0,	-9999,	-9999
	2010,	   07,	  5,	   186,	-9999,	-9999,	-9999,	    0,	-9999,	  279
	2010,	   07,	  6,	   187,	-9999,	-9999,	-9999,	    0,	-9999,	-9999
	2010,	   07,	  7,	   188,	-9999,	-9999,	-9999,	    0,	-9999,	-9999
	2010,	   07,	  8,	   189,	-9999,	-9999,	-9999,	    0,	-9999,	  292
	2010,	   07,	  9,	   190,	-9999,	-9999,	-9999,	    0,	-9999,	-9999
	2010,	   07,	  10,	   191,	-9999,	-9999,	-9999,	    0,	    0,	-9999
	2010,	   07,	  11,	   192,	-9999,	-9999,	-9999,	   58,	-9999,	-9999
	2010,	   07,	  12,	   193,	-9999,	-9999,	-9999,	  122,	-9999,	-9999
	2010,	   07,	  13,	   194,	-9999,	-9999,	-9999,	    0,	-9999,	-9999
	2010,	   07,	  14,	   195,	-9999,	-9999,	-9999,	   30,	-9999,	-9999
	2010,	   07,	  15,	   196,	-9999,	-9999,	-9999,	    0,	-9999,	-9999
	2010,	   07,	  16,	   197,	-9999,	-9999,	-9999,	    0,	-9999,	-9999
	2010,	   07,	  17,	   198,	-9999,	-9999,	-9999,	    0,	-9999,	-9999
	2010,	   07,	  18,	   199,	-9999,	-9999,	-9999,	    0,	-9999,	-9999
	2010,	   07,	  19,	   200,	-9999,	-9999,	-9999,	    0,	    0,	-9999
	2010,	   07,	  20,	   201,	-9999,	-9999,	-9999,	   66,	    0,	-9999
	2010,	   07,	  21,	   202,	-9999,	-9999,	-9999,	    0,	-9999,	-9999
	2010,	   07,	  22,	   203,	-9999,	-9999,	-9999,	  119,	    0,	-9999
	2010,	   07,	  23,	   204,	-9999,	-9999,	-9999,	    0,	    0,	-9999
	2010,	   07,	  24,	   205,	-9999,	-9999,	-9999,	    0,	-9999,	-9999
	2010,	   07,	  25,	   206,	-9999,	-9999,	-9999,	   97,	-9999,	  368
	2010,	   07,	  26,	   207,	-9999,	-9999,	-9999,	    0,	-9999,	  178
	2010,	   07,	  27,	   208,	-9999,	-9999,	-9999,	    0,	    0,	  178
	2010,	   07,	  28,	   209,	-9999,	-9999,	-9999,	    0,	-9999,	-9999
	2010,	   07,	  29,	   210,	-9999,	-9999,	-9999,	    8,	-9999,	-9999
	2010,	   07,	  30,	   211,	-9999,	-9999,	-9999,	    0,	-9999,	-9999
	2010,	   07,	  31,	   212,	-9999,	-9999,	-9999,	    0,	    0,	-9999
	2010,	   08,	  1,	   213,	-9999,	-9999,	-9999,	    0,	    0,	  254
	2010,	   08,	  2,	   214,	-9999,	-9999,	-9999,	    0,	-9999,	-9999
	2010,	   08,	  3,	   215,	-9999,	-9999,	-9999,	    5,	    0,	  457
	2010,	   08,	  4,	   216,	-9999,	-9999,	-9999,	   53,	    0,	-9999
	2010,	   08,	  5,	   217,	-9999,	-9999,	-9999,	    0,	    0,	  279
	2010,	   08,	  6,	   218,	-9999,	-9999,	-9999,	    0,	    0,	-9999
	2010,	   08,	  7,	   219,	-9999,	-9999,	-9999,	    0,	    0,	-9999
	2010,	   08,	  8,	   220,	-9999,	-9999,	-9999,	    0,	    0,	  292
	2010,	   08,	  9,	   221,	-9999,	-9999,	-9999,	   10,	    0,	-9999
	2010,	   08,	  10,	   222,	-9999,	-9999,	-9999,	   15,	    0,	-9999
	2010,	   08,	  11,	   223,	-9999,	-9999,	-9999,	    0,	-9999,	-9999
	2010,	   08,	  12,	   224,	-9999,	-9999,	-9999,	    0,	-9999,	-9999
	2010,	   08,	  13,	   225,	-9999,	-9999,	-9999,	    0,	    0,	-9999
	2010,	   08,	  14,	   226,	-9999,	-9999,	-9999,	    0,	-9999,	-9999
	2010,	   08,	  15,	   227,	-9999,	-9999,	-9999,	    0,	    0,	-9999
	2010,	   08,	  16,	   228,	-9999,	-9999,	-9999,	    0,	    0,	-9999
	2010,	   08,	  17,	   229,	-9999,	-9999,	-9999,	   13,	    0,	-9999
	2010,	   08,	  18,	   230,	-9999,	-9999,	-9999,	    0,	    0,	-9999
	2010,	   08,	  19,	   231,	-9999,	-9999,	-9999,	    0,	    0,	-9999
	2010,	   08,	  20,	   232,	-9999,	-9999,	-9999,	   15,	-9999,	-9999
	2010,	   08,	  21,	   233,	-9999,	-9999,	-9999,	-9999,	    0,	-9999
	2010,	   08,	  22,	   234,	-9999,	-9999,	-9999,	-9999,	-9999,	-9999
	2010,	   08,	  23,	   235,	-9999,	-9999,	-9999,	-9999,	    0,	-9999
	2010,	   08,	  24,	   236,	-9999,	-9999,	-9999,	-9999,	    0,	-9999
	2010,	   08,	  25,	   237,	-9999,	-9999,	-9999,	-9999,	-9999,	  368
	2010,	   08,	  26,	   238,	-9999,	-9999,	-9999,	-9999,	    0,	  178
	2010,	   08,	  27,	   239,	-9999,	-9999,	-9999,	-9999,	    0,	  178
	2010,	   08,	  28,	   240,	-9999,	-9999,	-9999,	-9999,	    0,	-9999
	2010,	   08,	  29,	   241,	-9999,	-9999,	-9999,	-9999,	-9999,	-9999
	2010,	   08,	  30,	   242,	-9999,	-9999,	-9999,	-9999,	    0,	-9999
	2010,	   08,	  31,	   243,	-9999,	-9999,	-9999,	-9999,	    0,	-9999
	2010,	   09,	  1,	   244,	-9999,	-9999,	-9999,	-9999,	    0,	  254
	2010,	   09,	  2,	   245,	-9999,	-9999,	-9999,	-9999,	    0,	-9999
	2010,	   09,	  3,	   246,	-9999,	-9999,	-9999,	-9999,	-9999,	  457
	2010,	   09,	  4,	   247,	-9999,	-9999,	-9999,	  305,	-9999,	-9999
	2010,	   09,	  5,	   248,	-9999,	-9999,	-9999,	  521,	    0,	  279
	2010,	   09,	  6,	   249,	-9999,	-9999,	-9999,	    0,	    0,	-9999
	2010,	   09,	  7,	   250,	-9999,	-9999,	-9999,	   10,	    0,	-9999
	2010,	   09,	  8,	   251,	-9999,	-9999,	-9999,	    0,	    0,	  292
	2010,	   09,	  9,	   252,	-9999,	-9999,	-9999,	    0,	-9999,	-9999
	2010,	   09,	  10,	   253,	-9999,	-9999,	-9999,	    8,	-9999,	-9999
	2010,	   09,	  11,	   254,	-9999,	-9999,	-9999,	    0,	    0,	-9999
	2010,	   09,	  12,	   255,	-9999,	-9999,	-9999,	    0,	    0,	-9999
	2010,	   09,	  13,	   256,	-9999,	-9999,	-9999,	    0,	    0,	-9999
	2010,	   09,	  14,	   257,	-9999,	-9999,	-9999,	    0,	    0,	-9999
	2010,	   09,	  15,	   258,	-9999,	-9999,	-9999,	   33,	    0,	-9999
	2010,	   09,	  16,	   259,	-9999,	-9999,	-9999,	    0,	    0,	-9999
	2010,	   09,	  17,	   260,	-9999,	-9999,	-9999,	  175,	-9999,	-9999
	2010,	   09,	  18,	   261,	-9999,	-9999,	-9999,	    0,	    0,	-9999
	2010,	   09,	  19,	   262,	-9999,	-9999,	-9999,	    0,	    0,	-9999
	2010,	   09,	  20,	   263,	-9999,	-9999,	-9999,	    0,	-9999,	-9999
	2010,	   09,	  21,	   264,	-9999,	-9999,	-9999,	    0,	-9999,	-9999
	2010,	   09,	  22,	   265,	-9999,	-9999,	-9999,	    0,	-9999,	-9999
	2010,	   09,	  23,	   266,	-9999,	-9999,	-9999,	    0,	-9999,	-9999
	2010,	   09,	  24,	   267,	-9999,	-9999,	-9999,	   66,	-9999,	-9999
	2010,	   09,	  25,	   268,	-9999,	-9999,	-9999,	    0,	-9999,	  368
	2010,	   09,	  26,	   269,	-9999,	-9999,	-9999,	    0,	-9999,	  178
	2010,	   09,	  27,	   270,	-9999,	-9999,	-9999,	    0,	-9999,	  178
	2010,	   09,	  28,	   271,	-9999,	-9999,	-9999,	   36,	-9999,	-9999
	2010,	   09,	  29,	   272,	-9999,	-9999,	-9999,	   33,	-9999,	-9999
	2010,	   09,	  30,	   273,	-9999,	-9999,	-9999,	    0,	-9999,	-9999
	2010,	   10,	  1,	   274,	-9999,	-9999,	-9999,	    8,	-9999,	  254
	2010,	   10,	  2,	   275,	-9999,	-9999,	-9999,	  396,	-9999,	-9999
	2010,	   10,	  3,	   276,	-9999,	-9999,	-9999,	    0,	-9999,	  457
	2010,	   10,	  4,	   277,	-9999,	-9999,	-9999,	    0,	-9999,	-9999
	2010,	   10,	  5,	   278,	-9999,	-9999,	-9999,	    0,	-9999,	  279
	2010,	   10,	  6,	   279,	-9999,	-9999,	-9999,	    0,	    0,	-9999
	2010,	   10,	  7,	   280,	-9999,	-9999,	-9999,	  178,	-9999,	-9999
	2010,	   10,	  8,	   281,	-9999,	-9999,	-9999,	   18,	    0,	  292
	2010,	   10,	  9,	   282,	-9999,	-9999,	-9999,	    0,	    0,	-9999
	2010,	   10,	  10,	   283,	-9999,	-9999,	-9999,	    0,	-9999,	-9999
	2010,	   10,	  11,	   284,	-9999,	-9999,	-9999,	    0,	    0,	-9999
	2010,	   10,	  12,	   285,	-9999,	-9999,	-9999,	    0,	    0,	-9999
	2010,	   10,	  13,	   286,	-9999,	-9999,	-9999,	    0,	    0,	-9999
	2010,	   10,	  14,	   287,	-9999,	-9999,	-9999,	    0,	-9999,	-9999
	2010,	   10,	  15,	   288,	-9999,	-9999,	-9999,	   97,	-9999,	-9999
	2010,	   10,	  16,	   289,	-9999,	-9999,	-9999,	  338,	    0,	-9999
	2010,	   10,	  17,	   290,	-9999,	-9999,	-9999,	   51,	-9999,	-9999
	2010,	   10,	  18,	   291,	-9999,	-9999,	-9999,	    0,	    0,	-9999
	2010,	   10,	  19,	   292,	-9999,	-9999,	-9999,	    0,	    0,	-9999
	2010,	   10,	  20,	   293,	-9999,	-9999,	-9999,	    0,	    0,	-9999
	2010,	   10,	  21,	   294,	-9999,	-9999,	-9999,	    0,	    0,	-9999
	2010,	   10,	  22,	   295,	-9999,	-9999,	-9999,	   38,	    0,	-9999
	2010,	   10,	  23,	   296,	-9999,	-9999,	-9999,	    0,	    0,	-9999
	2010,	   10,	  24,	   297,	-9999,	-9999,	-9999,	    0,	-9999,	-9999
	2010,	   10,	  25,	   298,	-9999,	-9999,	-9999,	   13,	    0,	  368
	2010,	   10,	  26,	   299,	-9999,	-9999,	-9999,	  127,	    0,	  178
	2010,	   10,	  27,	   300,	-9999,	-9999,	-9999,	    8,	    0,	  178
	2010,	   10,	  28,	   301,	-9999,	-9999,	-9999,	   94,	-9999,	-9999
	2010,	   10,	  29,	   302,	-9999,	-9999,	-9999,	    0,	-9999,	-9999
	2010,	   10,	  30,	   303,	-9999,	-9999,	-9999,	    0,	    0,	-9999
	2010,	   10,	  31,	   304,	-9999,	-9999,	-9999,	-9999,	-9999,	-9999
	2010,	   11,	  1,	   305,	-9999,	-9999,	-9999,	-9999,	-9999,	  254
	2010,	   11,	  2,	   306,	-9999,	-9999,	-9999,	    0,	-9999,	-9999
	2010,	   11,	  3,	   307,	-9999,	-9999,	-9999,	    0,	    0,	  457
	2010,	   11,	  4,	   308,	-9999,	-9999,	-9999,	    0,	    0,	-9999
	2010,	   11,	  5,	   309,	-9999,	-9999,	-9999,	  213,	    0,	  279
	2010,	   11,	  6,	   310,	-9999,	-9999,	-9999,	   20,	    0,	-9999
	2010,	   11,	  7,	   311,	-9999,	-9999,	-9999,	    0,	-9999,	-9999
	2010,	   11,	  8,	   312,	-9999,	-9999,	-9999,	  424,	-9999,	  292
	2010,	   11,	  9,	   313,	-9999,	-9999,	-9999,	  122,	    0,	-9999
	2010,	   11,	  10,	   314,	-9999,	-9999,	-9999,	   46,	    0,	-9999
	2010,	   11,	  11,	   315,	-9999,	-9999,	-9999,	    0,	    0,	-9999
	2010,	   11,	  12,	   316,	-9999,	-9999,	-9999,	    0,	    0,	-9999
	2010,	   11,	  13,	   317,	-9999,	-9999,	-9999,	    0,	    0,	-9999
	2010,	   11,	  14,	   318,	-9999,	-9999,	-9999,	    0,	    0,	-9999
	2010,	   11,	  15,	   319,	-9999,	-9999,	-9999,	    0,	-9999,	-9999
	2010,	   11,	  16,	   320,	-9999,	-9999,	-9999,	   51,	-9999,	-9999
	2010,	   11,	  17,	   321,	-9999,	-9999,	-9999,	   15,	-9999,	-9999
	2010,	   11,	  18,	   322,	-9999,	-9999,	-9999,	  170,	    0,	-9999
	2010,	   11,	  19,	   323,	-9999,	-9999,	-9999,	    0,	    0,	-9999
	2010,	   11,	  20,	   324,	-9999,	-9999,	-9999,	    0,	    0,	-9999
	2010,	   11,	  21,	   325,	-9999,	-9999,	-9999,	    0,	    0,	-9999
	2010,	   11,	  22,	   326,	-9999,	-9999,	-9999,	    0,	-9999,	-9999
	2010,	   11,	  23,	   327,	-9999,	-9999,	-9999,	   51,	    0,	-9999
	2010,	   11,	  24,	   328,	-9999,	-9999,	-9999,	   43,	    0,	-9999
	2010,	   11,	  25,	   329,	-9999,	-9999,	-9999,	-9999,	-9999,	  368
	2010,	   11,	  26,	   330,	-9999,	-9999,	-9999,	-9999,	-9999,	  178
	2010,	   11,	  27,	   331,	-9999,	-9999,	-9999,	-9999,	-9999,	  178
	2010,	   11,	  28,	   332,	-9999,	-9999,	-9999,	-9999,	-9999,	-9999
	2010,	   11,	  29,	   333,	-9999,	-9999,	-9999,	    0,	    0,	-9999
	2010,	   11,	  30,	   334,	-9999,	-9999,	-9999,	    0,	    0,	-9999
	2010,	   12,	  1,	   335,	-9999,	-9999,	-9999,	    0,	-9999,	  254
	2010,	   12,	  2,	   336,	-9999,	-9999,	-9999,	  183,	    0,	-9999
	2010,	   12,	  3,	   337,	-9999,	-9999,	-9999,	   10,	    0,	  457
	2010,	   12,	  4,	   338,	-9999,	-9999,	-9999,	  109,	    0,	-9999
	2010,	   12,	  5,	   339,	-9999,	-9999,	-9999,	    0,	-9999,	  279
	2010,	   12,	  6,	   340,	-9999,	-9999,	-9999,	    0,	-9999,	-9999
	2010,	   12,	  7,	   341,	-9999,	-9999,	-9999,	  249,	    0,	-9999
	2010,	   12,	  8,	   342,	-9999,	-9999,	-9999,	    0,	-9999,	  292
	2010,	   12,	  9,	   343,	-9999,	-9999,	-9999,	    0,	-9999,	-9999
	2010,	   12,	  10,	   344,	-9999,	-9999,	-9999,	    0,	-9999,	-9999
	2010,	   12,	  11,	   345,	-9999,	-9999,	-9999,	    0,	    0,	-9999
	2010,	   12,	  12,	   346,	-9999,	-9999,	-9999,	    0,	    0,	-9999
	2010,	   12,	  13,	   347,	-9999,	-9999,	-9999,	  490,	    0,	-9999
	2010,	   12,	  14,	   348,	-9999,	-9999,	-9999,	-9999,	    0,	-9999
	2010,	   12,	  15,	   349,	-9999,	-9999,	-9999,	-9999,	    0,	-9999
	2010,	   12,	  16,	   350,	-9999,	-9999,	-9999,	-9999,	-9999,	-9999
	2010,	   12,	  17,	   351,	-9999,	-9999,	-9999,	-9999,	-9999,	-9999
	2010,	   12,	  18,	   352,	-9999,	-9999,	-9999,	-9999,	-9999,	-9999
	2010,	   12,	  19,	   353,	-9999,	-9999,	-9999,	-9999,	    0,	-9999
	2010,	   12,	  20,	   354,	-9999,	-9999,	-9999,	-9999,	    0,	-9999
	2010,	   12,	  21,	   355,	-9999,	-9999,	-9999,	-9999,	    0,	-9999
	2010,	   12,	  22,	   356,	-9999,	-9999,	-9999,	-9999,	    0,	-9999
	2010,	   12,	  23,	   357,	-9999,	-9999,	-9999,	-9999,	-9999,	-9999
	2010,	   12,	  24,	   358,	-9999,	-9999,	-9999,	-9999,	-9999,	-9999
	2010,	   12,	  25,	   359,	-9999,	-9999,	-9999,	-9999,	-9999,	  368
	2010,	   12,	  26,	   360,	-9999,	-9999,	-9999,	-9999,	-9999,	  178
	2010,	   12,	  27,	   361,	-9999,	-9999,	-9999,	-9999,	-9999,	  178
	2010,	   12,	  28,	   362,	-9999,	-9999,	-9999,	-9999,	-9999,	-9999
	2010,	   12,	  29,	   363,	-9999,	-9999,	-9999,	-9999,	    0,	-9999
	2010,	   12,	  30,	   364,	-9999,	-9999,	-9999,	-9999,	    0,	-9999
	2010,	   12,	  31,	   365,	-9999,	-9999,	-9999,	-9999,	-9999,	-9999
	2011,	   03,	  1,	   1,	-9999,	-9999,	-9999,	-9999,	    0,	-9999
	2011,	   03,	  2,	   2,	-9999,	-9999,	-9999,	-9999,	-9999,	-9999
	2011,	   03,	  3,	   3,	-9999,	-9999,	-9999,	-9999,	-9999,	-9999
	2011,	   03,	  4,	   4,	-9999,	-9999,	-9999,	-9999,	-9999,	-9999
	2011,	   03,	  5,	   5,	-9999,	-9999,	-9999,	-9999,	    0,	-9999
	2011,	   03,	  6,	   6,	-9999,	-9999,	-9999,	-9999,	    0,	-9999
	2011,	   03,	  7,	   7,	-9999,	-9999,	-9999,	  373,	  178,	  178
	2011,	   03,	  8,	   8,	-9999,	-9999,	-9999,	  305,	    0,	-9999
	2011,	   03,	  9,	   9,	-9999,	-9999,	-9999,	-9999,	    0,	-9999
	2011,	   03,	  10,	   10,	-9999,	-9999,	-9999,	-9999,	    0,	-9999
	2011,	   03,	  11,	   11,	-9999,	-9999,	-9999,	-9999,	    0,	-9999
	2011,	   03,	  12,	   12,	-9999,	-9999,	-9999,	  259,	    0,	-9999
	2011,	   03,	  13,	   13,	-9999,	-9999,	-9999,	-9999,	-9999,	-9999
	2011,	   03,	  14,	   14,	-9999,	-9999,	-9999,	-9999,	-9999,	-9999
	2011,	   03,	  15,	   15,	-9999,	-9999,	-9999,	-9999,	-9999,	-9999
	2011,	   03,	  16,	   16,	-9999,	-9999,	-9999,	-9999,	-9999,	-9999
	2011,	   03,	  17,	   17,	-9999,	-9999,	-9999,	-9999,	-9999,	-9999
	2011,	   03,	  18,	   18,	-9999,	-9999,	-9999,	-9999,	-9999,	-9999
	2011,	   03,	  19,	   19,	-9999,	-9999,	-9999,	-9999,	-9999,	-9999
	2011,	   03,	  20,	   20,	-9999,	-9999,	-9999,	-9999,	-9999,	-9999
	2011,	   03,	  21,	   21,	-9999,	-9999,	-9999,	    0,	-9999,	-9999
	2011,	   03,	  22,	   22,	-9999,	-9999,	-9999,	-9999,	-9999,	-9999
	2011,	   03,	  23,	   23,	-9999,	-9999,	-9999,	-9999,	-9999,	-9999
	2011,	   03,	  24,	   24,	-9999,	-9999,	-9999,	-9999,	-9999,	-9999
	2011,	   03,	  25,	   25,	-9999,	-9999,	-9999,	-9999,	-9999,	-9999
	2011,	   03,	  26,	   26,	-9999,	-9999,	-9999,	-9999,	-9999,	-9999
	2011,	   03,	  27,	   27,	-9999,	-9999,	-9999,	-9999,	  152,	  178
	2011,	   03,	  28,	   28,	-9999,	-9999,	-9999,	-9999,	  127,	  305
	2011,	   03,	  29,	   29,	-9999,	-9999,	-9999,	-9999,	-9999,	-9999
	2011,	   03,	  30,	   30,	-9999,	-9999,	-9999,	-9999,	-9999,	-9999
	2011,	   03,	  31,	   31,	-9999,	-9999,	-9999,	-9999,	-9999,	-9999
	2011,	   04,	  1,	   32,	-9999,	-9999,	-9999,	    0,	-9999,	-9999
	2011,	   04,	  2,	   33,	-9999,	-9999,	-9999,	    0,	-9999,	-9999
	2011,	   04,	  3,	   34,	-9999,	-9999,	-9999,	    0,	-9999,	-9999
	2011,	   04,	  4,	   35,	-9999,	-9999,	-9999,	    0,	-9999,	-9999
	2011,	   04,	  5,	   36,	-9999,	-9999,	-9999,	   99,	-9999,	-9999
	2011,	   04,	  6,	   37,	-9999,	-9999,	-9999,	   64,	-9999,	-9999
	2011,	   04,	  7,	   38,	-9999,	-9999,	-9999,	    0,	-9999,	  178
	2011,	   04,	  8,	   39,	-9999,	-9999,	-9999,	    0,	-9999,	-9999
	2011,	   04,	  9,	   40,	-9999,	-9999,	-9999,	    0,	-9999,	-9999
	2011,	   04,	  10,	   41,	-9999,	-9999,	-9999,	    0,	-9999,	-9999
	2011,	   04,	  11,	   42,	-9999,	-9999,	-9999,	   13,	-9999,	-9999
	2011,	   04,	  12,	   43,	-9999,	-9999,	-9999,	   23,	-9999,	-9999
	2011,	   04,	  13,	   44,	-9999,	-9999,	-9999,	    0,	-9999,	-9999
	2011,	   04,	  14,	   45,	-9999,	-9999,	-9999,	    0,	-9999,	-9999
	2011,	   04,	  15,	   46,	-9999,	-9999,	-9999,	    0,	-9999,	-9999
	2011,	   04,	  16,	   47,	-9999,	-9999,	-9999,	    0,	-9999,	-9999
	2011,	   04,	  17,	   48,	-9999,	-9999,	-9999,	-9999,	-9999,	-9999
	2011,	   04,	  18,	   49,	-9999,	-9999,	-9999,	-9999,	-9999,	-9999
	2011,	   04,	  19,	   50,	-9999,	-9999,	-9999,	    0,	-9999,	-9999
	2011,	   04,	  20,	   51,	-9999,	-9999,	-9999,	    0,	-9999,	-9999
	2011,	   04,	  21,	   52,	-9999,	-9999,	-9999,	   97,	    0,	-9999
	2011,	   04,	  22,	   53,	-9999,	-9999,	-9999,	    0,	-9999,	-9999
	2011,	   04,	  23,	   54,	-9999,	-9999,	-9999,	    0,	-9999,	-9999
	2011,	   04,	  24,	   55,	-9999,	-9999,	-9999,	   36,	-9999,	-9999
	2011,	   04,	  25,	   56,	-9999,	-9999,	-9999,	    0,	-9999,	-9999
	2011,	   04,	  26,	   57,	-9999,	-9999,	-9999,	   56,	-9999,	-9999
	2011,	   04,	  27,	   58,	-9999,	-9999,	-9999,	   76,	-9999,	  178
	2011,	   04,	  28,	   59,	-9999,	-9999,	-9999,	   10,	-9999,	  305
	2011,	   04,	  29,	   60,	-9999,	-9999,	-9999,	    8,	-9999,	-9999
	2011,	   04,	  30,	   61,	-9999,	-9999,	-9999,	    0,	-9999,	-9999
	2011,	   05,	  1,	   62,	-9999,	-9999,	-9999,	    0,	    0,	-9999
	2011,	   05,	  2,	   63,	-9999,	-9999,	-9999,	    0,	    0,	-9999
	2011,	   05,	  3,	   64,	-9999,	-9999,	-9999,	    0,	    0,	-9999
	2011,	   05,	  4,	   65,	-9999,	-9999,	-9999,	    0,	    0,	-9999
	2011,	   05,	  5,	   66,	-9999,	-9999,	-9999,	  102,	-9999,	-9999
	2011,	   05,	  6,	   67,	-9999,	-9999,	-9999,	   66,	-9999,	-9999
	2011,	   05,	  7,	   68,	-9999,	-9999,	-9999,	    0,	    0,	  178
	2011,	   05,	  8,	   69,	-9999,	-9999,	-9999,	-9999,	    0,	-9999
	2011,	   05,	  9,	   70,	-9999,	-9999,	-9999,	-9999,	    0,	-9999
	2011,	   05,	  10,	   71,	-9999,	-9999,	-9999,	-9999,	    0,	-9999
	2011,	   05,	  11,	   72,	-9999,	-9999,	-9999,	-9999,	-9999,	-9999
	2011,	   05,	  12,	   73,	-9999,	-9999,	-9999,	-9999,	-9999,	-9999
	2011,	   05,	  13,	   74,	-9999,	-9999,	-9999,	-9999,	    0,	-9999
	2011,	   05,	  14,	   75,	-9999,	-9999,	-9999,	-9999,	    0,	-9999
	2011,	   05,	  15,	   76,	-9999,	-9999,	-9999,	-9999,	    0,	-9999
	2011,	   05,	  16,	   77,	-9999,	-9999,	-9999,	-9999,	    0,	-9999
	2011,	   05,	  17,	   78,	-9999,	-9999,	-9999,	-9999,	-9999,	-9999
	2011,	   05,	  18,	   79,	-9999,	-9999,	-9999,	   25,	-9999,	-9999
	2011,	   05,	  19,	   80,	-9999,	-9999,	-9999,	   10,	    0,	-9999
	2011,	   05,	  20,	   81,	-9999,	-9999,	-9999,	   79,	    0,	-9999
	2011,	   05,	  21,	   82,	-9999,	-9999,	-9999,	   13,	-9999,	-9999
	2011,	   05,	  22,	   83,	-9999,	-9999,	-9999,	   10,	    0,	-9999
	2011,	   05,	  23,	   84,	-9999,	-9999,	-9999,	    0,	    0,	-9999
	2011,	   05,	  24,	   85,	-9999,	-9999,	-9999,	   41,	-9999,	-9999
	2011,	   05,	  25,	   86,	-9999,	-9999,	-9999,	    0,	-9999,	-9999
	2011,	   05,	  26,	   87,	-9999,	-9999,	-9999,	    0,	-9999,	-9999
	2011,	   05,	  27,	   88,	-9999,	-9999,	-9999,	   36,	-9999,	  178
	2011,	   05,	  28,	   89,	-9999,	-9999,	-9999,	    0,	-9999,	  305
	2011,	   05,	  29,	   90,	-9999,	-9999,	-9999,	    0,	-9999,	-9999
	2011,	   05,	  30,	   91,	-9999,	-9999,	-9999,	   94,	    0,	-9999
	2011,	   05,	  31,	   92,	-9999,	-9999,	-9999,	    0,	-9999,	-9999
	2011,	   06,	  1,	   93,	-9999,	-9999,	-9999,	    0,	    0,	-9999
	2011,	   06,	  2,	   94,	-9999,	-9999,	-9999,	   25,	    0,	-9999
	2011,	   06,	  3,	   95,	-9999,	-9999,	-9999,	    0,	    0,	-9999
	2011,	   06,	  4,	   96,	-9999,	-9999,	-9999,	    0,	-9999,	-9999
	2011,	   06,	  5,	   97,	-9999,	-9999,	-9999,	    0,	-9999,	-9999
	2011,	   06,	  6,	   98,	-9999,	-9999,	-9999,	    0,	-9999,	-9999
	2011,	   06,	  7,	   99,	-9999,	-9999,	-9999,	    0,	    0,	  178
	2011,	   06,	  8,	   100,	-9999,	-9999,	-9999,	    0,	-9999,	-9999
	2011,	   06,	  9,	   101,	-9999,	-9999,	-9999,	   51,	-9999,	-9999
	2011,	   06,	  10,	   102,	-9999,	-9999,	-9999,	  259,	-9999,	-9999
	2011,	   06,	  11,	   103,	-9999,	-9999,	-9999,	    0,	-9999,	-9999
	2011,	   06,	  12,	   104,	-9999,	-9999,	-9999,	   64,	-9999,	-9999
	2011,	   06,	  13,	   105,	-9999,	-9999,	-9999,	  114,	-9999,	-9999
	2011,	   06,	  14,	   106,	-9999,	-9999,	-9999,	    8,	-9999,	-9999
	2011,	   06,	  15,	   107,	-9999,	-9999,	-9999,	  114,	-9999,	-9999
	2011,	   06,	  16,	   108,	-9999,	-9999,	-9999,	    0,	-9999,	-9999
	2011,	   06,	  17,	   109,	-9999,	-9999,	-9999,	    0,	-9999,	-9999
	2011,	   06,	  18,	   110,	-9999,	-9999,	-9999,	   25,	-9999,	-9999
	2011,	   06,	  19,	   111,	-9999,	-9999,	-9999,	   46,	-9999,	-9999
	2011,	   06,	  20,	   112,	-9999,	-9999,	-9999,	    0,	-9999,	-9999
	2011,	   06,	  21,	   113,	-9999,	-9999,	-9999,	    0,	-9999,	-9999
	2011,	   06,	  22,	   114,	-9999,	-9999,	-9999,	    0,	-9999,	-9999
	2011,	   06,	  23,	   115,	-9999,	-9999,	-9999,	    0,	-9999,	-9999
	2011,	   06,	  24,	   116,	-9999,	-9999,	-9999,	    0,	-9999,	-9999
	2011,	   06,	  25,	   117,	-9999,	-9999,	-9999,	   94,	    0,	-9999
	2011,	   06,	  26,	   118,	-9999,	-9999,	-9999,	  140,	    0,	-9999
	2011,	   06,	  27,	   119,	-9999,	-9999,	-9999,	    0,	-9999,	  178
	2011,	   06,	  28,	   120,	-9999,	-9999,	-9999,	    0,	-9999,	  305
	2011,	   06,	  29,	   121,	-9999,	-9999,	-9999,	    0,	    0,	-9999
	2011,	   06,	  30,	   122,	-9999,	-9999,	-9999,	    0,	-9999,	-9999
	2011,	   07,	  1,	   123,	-9999,	-9999,	-9999,	    0,	    0,	-9999
	2011,	   07,	  2,	   124,	-9999,	-9999,	-9999,	    0,	-9999,	-9999
	2011,	   07,	  3,	   125,	-9999,	-9999,	-9999,	    0,	    0,	-9999
	2011,	   07,	  4,	   126,	-9999,	-9999,	-9999,	    5,	-9999,	-9999
	2011,	   07,	  5,	   127,	-9999,	-9999,	-9999,	   69,	    0,	-9999
	2011,	   07,	  6,	   128,	-9999,	-9999,	-9999,	    0,	    0,	-9999
	2011,	   07,	  7,	   129,	-9999,	-9999,	-9999,	   94,	    0,	  178
	2011,	   07,	  8,	   130,	-9999,	-9999,	-9999,	    0,	-9999,	-9999
	2011,	   07,	  9,	   131,	-9999,	-9999,	-9999,	   53,	-9999,	-9999
	2011,	   07,	  10,	   132,	-9999,	-9999,	-9999,	    0,	-9999,	-9999
	2011,	   07,	  11,	   133,	-9999,	-9999,	-9999,	    0,	    0,	-9999
	2011,	   07,	  12,	   134,	-9999,	-9999,	-9999,	   30,	-9999,	-9999
	2011,	   07,	  13,	   135,	-9999,	-9999,	-9999,	    0,	-9999,	-9999
	2011,	   07,	  14,	   136,	-9999,	-9999,	-9999,	    0,	-9999,	-9999
	2011,	   07,	  15,	   137,	-9999,	-9999,	-9999,	    0,	-9999,	-9999
	2011,	   07,	  16,	   138,	-9999,	-9999,	-9999,	    0,	    0,	-9999
	2011,	   07,	  17,	   139,	-9999,	-9999,	-9999,	    0,	    0,	-9999
	2011,	   07,	  18,	   140,	-9999,	-9999,	-9999,	    0,	-9999,	-9999
	2011,	   07,	  19,	   141,	-9999,	-9999,	-9999,	    0,	-9999,	-9999
	2011,	   07,	  20,	   142,	-9999,	-9999,	-9999,	    0,	    0,	-9999
	2011,	   07,	  21,	   143,	-9999,	-9999,	-9999,	    0,	    0,	-9999
	2011,	   07,	  22,	   144,	-9999,	-9999,	-9999,	    0,	    0,	-9999
	2011,	   07,	  23,	   145,	-9999,	-9999,	-9999,	    0,	    0,	-9999
	2011,	   07,	  24,	   146,	-9999,	-9999,	-9999,	   13,	    0,	-9999
	2011,	   07,	  25,	   147,	-9999,	-9999,	-9999,	    0,	-9999,	-9999
	2011,	   07,	  26,	   148,	-9999,	-9999,	-9999,	  102,	-9999,	-9999
	2011,	   07,	  27,	   149,	-9999,	-9999,	-9999,	   41,	    0,	  178
	2011,	   07,	  28,	   150,	-9999,	-9999,	-9999,	    0,	    0,	  305
	2011,	   07,	  29,	   151,	-9999,	-9999,	-9999,	    0,	    0,	-9999
	2011,	   07,	  30,	   152,	-9999,	-9999,	-9999,	   64,	    0,	-9999
	2011,	   07,	  31,	   153,	-9999,	-9999,	-9999,	    0,	    0,	-9999
	2011,	   08,	  1,	   154,	-9999,	-9999,	-9999,	    0,	    0,	-9999
	2011,	   08,	  2,	   155,	-9999,	-9999,	-9999,	   33,	    0,	-9999
	2011,	   08,	  3,	   156,	-9999,	-9999,	-9999,	  185,	    0,	-9999
	2011,	   08,	  4,	   157,	-9999,	-9999,	-9999,	   41,	-9999,	-9999
	2011,	   08,	  5,	   158,	-9999,	-9999,	-9999,	   20,	-9999,	-9999
	2011,	   08,	  6,	   159,	-9999,	-9999,	-9999,	    0,	    0,	-9999
	2011,	   08,	  7,	   160,	-9999,	-9999,	-9999,	    0,	-9999,	  178
	2011,	   08,	  8,	   161,	-9999,	-9999,	-9999,	  178,	    0,	-9999
	2011,	   08,	  9,	   162,	-9999,	-9999,	-9999,	   18,	-9999,	-9999
	2011,	   08,	  10,	   163,	-9999,	-9999,	-9999,	    3,	    0,	-9999
	2011,	   08,	  11,	   164,	-9999,	-9999,	-9999,	   79,	    0,	-9999
	2011,	   08,	  12,	   165,	-9999,	-9999,	-9999,	   13,	-9999,	-9999
	2011,	   08,	  13,	   166,	-9999,	-9999,	-9999,	    0,	    0,	-9999
	2011,	   08,	  14,	   167,	-9999,	-9999,	-9999,	    0,	    0,	-9999
	2011,	   08,	  15,	   168,	-9999,	-9999,	-9999,	    5,	    0,	-9999
	2011,	   08,	  16,	   169,	-9999,	-9999,	-9999,	  394,	    0,	-9999
	2011,	   08,	  17,	   170,	-9999,	-9999,	-9999,	   61,	    0,	-9999
	2011,	   08,	  18,	   171,	-9999,	-9999,	-9999,	    0,	    0,	-9999
	2011,	   08,	  19,	   172,	-9999,	-9999,	-9999,	    0,	    0,	-9999
	2011,	   08,	  20,	   173,	-9999,	-9999,	-9999,	    0,	    0,	-9999
	2011,	   08,	  21,	   174,	-9999,	-9999,	-9999,	    0,	    0,	-9999
	2011,	   08,	  22,	   175,	-9999,	-9999,	-9999,	  432,	    0,	-9999
	2011,	   08,	  23,	   176,	-9999,	-9999,	-9999,	   25,	    0,	-9999
	2011,	   08,	  24,	   177,	-9999,	-9999,	-9999,	    0,	-9999,	-9999
	2011,	   08,	  25,	   178,	-9999,	-9999,	-9999,	    0,	    0,	-9999
	2011,	   08,	  26,	   179,	-9999,	-9999,	-9999,	    0,	-9999,	-9999
	2011,	   08,	  27,	   180,	-9999,	-9999,	-9999,	    0,	    0,	  178
	2011,	   08,	  28,	   181,	-9999,	-9999,	-9999,	   66,	    0,	  305
	2011,	   08,	  29,	   182,	-9999,	-9999,	-9999,	  546,	    0,	-9999
	2011,	   08,	  30,	   183,	-9999,	-9999,	-9999,	    0,	-9999,	-9999
	2011,	   08,	  31,	   184,	-9999,	-9999,	-9999,	    0,	    0,	-9999
	2011,	   09,	  1,	   185,	-9999,	-9999,	-9999,	    0,	    0,	-9999
	2011,	   09,	  2,	   186,	-9999,	-9999,	-9999,	    0,	-9999,	-9999
	2011,	   09,	  3,	   187,	-9999,	-9999,	-9999,	    0,	-9999,	-9999
	2011,	   09,	  4,	   188,	-9999,	-9999,	-9999,	    0,	-9999,	-9999
	2011,	   09,	  5,	   189,	-9999,	-9999,	-9999,	    8,	-9999,	-9999
	2011,	   09,	  6,	   190,	-9999,	-9999,	-9999,	   91,	    0,	-9999
	2011,	   09,	  7,	   191,	-9999,	-9999,	-9999,	   18,	    0,	  178
	2011,	   09,	  8,	   192,	-9999,	-9999,	-9999,	   71,	-9999,	-9999
	2011,	   09,	  9,	   193,	-9999,	-9999,	-9999,	    5,	-9999,	-9999
	2011,	   09,	  10,	   194,	-9999,	-9999,	-9999,	    0,	-9999,	-9999
	2011,	   09,	  11,	   195,	-9999,	-9999,	-9999,	    0,	-9999,	-9999
	2011,	   09,	  12,	   196,	-9999,	-9999,	-9999,	    0,	-9999,	-9999
	2011,	   09,	  13,	   197,	-9999,	-9999,	-9999,	    0,	    0,	-9999
	2011,	   09,	  14,	   198,	-9999,	-9999,	-9999,	    0,	    0,	-9999
	2011,	   09,	  15,	   199,	-9999,	-9999,	-9999,	    8,	-9999,	-9999
	2011,	   09,	  16,	   200,	-9999,	-9999,	-9999,	  325,	-9999,	-9999
	2011,	   09,	  17,	   201,	-9999,	-9999,	-9999,	    0,	-9999,	-9999
	2011,	   09,	  18,	   202,	-9999,	-9999,	-9999,	    0,	    0,	-9999
	2011,	   09,	  19,	   203,	-9999,	-9999,	-9999,	    0,	    0,	-9999
	2011,	   09,	  20,	   204,	-9999,	-9999,	-9999,	    0,	    0,	-9999
	2011,	   09,	  21,	   205,	-9999,	-9999,	-9999,	    0,	    0,	-9999
	2011,	   09,	  22,	   206,	-9999,	-9999,	-9999,	    0,	-9999,	-9999
	2011,	   09,	  23,	   207,	-9999,	-9999,	-9999,	    8,	-9999,	-9999
	2011,	   09,	  24,	   208,	-9999,	-9999,	-9999,	  107,	    0,	-9999
	2011,	   09,	  25,	   209,	-9999,	-9999,	-9999,	   25,	    0,	-9999
	2011,	   09,	  26,	   210,	-9999,	-9999,	-9999,	    0,	    0,	-9999
	2011,	   09,	  27,	   211,	-9999,	-9999,	-9999,	    0,	    0,	  178
	2011,	   09,	  28,	   212,	-9999,	-9999,	-9999,	    0,	-9999,	  305
	2011,	   09,	  29,	   213,	-9999,	-9999,	-9999,	    0,	-9999,	-9999
	2011,	   09,	  30,	   214,	-9999,	-9999,	-9999,	   61,	    0,	-9999
	2011,	   10,	  1,	   215,	-9999,	-9999,	-9999,	    0,	    0,	-9999
	2011,	   10,	  2,	   216,	-9999,	-9999,	-9999,	  140,	    0,	-9999
	2011,	   10,	  3,	   217,	-9999,	-9999,	-9999,	  119,	    0,	-9999
	2011,	   10,	  4,	   218,	-9999,	-9999,	-9999,	   18,	    0,	-9999
	2011,	   10,	  5,	   219,	-9999,	-9999,	-9999,	  173,	-9999,	-9999
	2011,	   10,	  6,	   220,	-9999,	-9999,	-9999,	    0,	-9999,	-9999
	2011,	   10,	  7,	   221,	-9999,	-9999,	-9999,	    0,	-9999,	  178
	2011,	   10,	  8,	   222,	-9999,	-9999,	-9999,	    0,	-9999,	-9999
	2011,	   10,	  9,	   223,	-9999,	-9999,	-9999,	    0,	-9999,	-9999
	2011,	   10,	  10,	   224,	-9999,	-9999,	-9999,	    0,	    0,	-9999
	2011,	   10,	  11,	   225,	-9999,	-9999,	-9999,	    0,	    0,	-9999
	2011,	   10,	  12,	   226,	-9999,	-9999,	-9999,	    0,	    0,	-9999
	2011,	   10,	  13,	   227,	-9999,	-9999,	-9999,	   13,	    0,	-9999
	2011,	   10,	  14,	   228,	-9999,	-9999,	-9999,	   10,	    0,	-9999
	2011,	   10,	  15,	   229,	-9999,	-9999,	-9999,	  188,	-9999,	-9999
	2011,	   10,	  16,	   230,	-9999,	-9999,	-9999,	    0,	-9999,	-9999
	2011,	   10,	  17,	   231,	-9999,	-9999,	-9999,	   15,	    0,	-9999
	2011,	   10,	  18,	   232,	-9999,	-9999,	-9999,	    0,	    0,	-9999
	2011,	   10,	  19,	   233,	-9999,	-9999,	-9999,	    0,	    0,	-9999
	2011,	   10,	  20,	   234,	-9999,	-9999,	-9999,	  150,	    0,	-9999
	2011,	   10,	  21,	   235,	-9999,	-9999,	-9999,	   66,	-9999,	-9999
	2011,	   10,	  22,	   236,	-9999,	-9999,	-9999,	-9999,	-9999,	-9999
	2011,	   10,	  23,	   237,	-9999,	-9999,	-9999,	-9999,	-9999,	-9999
	2011,	   10,	  24,	   238,	-9999,	-9999,	-9999,	-9999,	-9999,	-9999
	2011,	   10,	  25,	   239,	-9999,	-9999,	-9999,	-9999,	-9999,	-9999
	2011,	   10,	  26,	   240,	-9999,	-9999,	-9999,	-9999,	    0,	-9999
	2011,	   10,	  27,	   241,	-9999,	-9999,	-9999,	-9999,	    0,	  178
	2011,	   10,	  28,	   242,	-9999,	-9999,	-9999,	-9999,	    0,	  305
	2011,	   10,	  29,	   243,	-9999,	-9999,	-9999,	-9999,	    0,	-9999
	2011,	   10,	  30,	   244,	-9999,	-9999,	-9999,	-9999,	-9999,	-9999
	2011,	   10,	  31,	   245,	-9999,	-9999,	-9999,	-9999,	    0,	-9999
	2011,	   11,	  1,	   246,	-9999,	-9999,	-9999,	    0,	-9999,	-9999
	2011,	   11,	  2,	   247,	-9999,	-9999,	-9999,	    0,	-9999,	-9999
	2011,	   11,	  3,	   248,	-9999,	-9999,	-9999,	    0,	-9999,	-9999
	2011,	   11,	  4,	   249,	-9999,	-9999,	-9999,	    0,	-9999,	-9999
	2011,	   11,	  5,	   250,	-9999,	-9999,	-9999,	    0,	-9999,	-9999
	2011,	   11,	  6,	   251,	-9999,	-9999,	-9999,	    0,	-9999,	-9999
	2011,	   11,	  7,	   252,	-9999,	-9999,	-9999,	    0,	    0,	  178
	2011,	   11,	  8,	   253,	-9999,	-9999,	-9999,	    0,	    0,	-9999
	2011,	   11,	  9,	   254,	-9999,	-9999,	-9999,	    0,	    0,	-9999
	2011,	   11,	  10,	   255,	-9999,	-9999,	-9999,	    0,	    0,	-9999
	2011,	   11,	  11,	   256,	-9999,	-9999,	-9999,	  191,	    0,	-9999
	2011,	   11,	  12,	   257,	-9999,	-9999,	-9999,	   13,	    0,	-9999
	2011,	   11,	  13,	   258,	-9999,	-9999,	-9999,	    0,	-9999,	-9999
	2011,	   11,	  14,	   259,	-9999,	-9999,	-9999,	    0,	-9999,	-9999
	2011,	   11,	  15,	   260,	-9999,	-9999,	-9999,	    0,	-9999,	-9999
	2011,	   11,	  16,	   261,	-9999,	-9999,	-9999,	    0,	-9999,	-9999
	2011,	   11,	  17,	   262,	-9999,	-9999,	-9999,	   76,	-9999,	-9999
	2011,	   11,	  18,	   263,	-9999,	-9999,	-9999,	    0,	    0,	-9999
	2011,	   11,	  19,	   264,	-9999,	-9999,	-9999,	    0,	    0,	-9999
	2011,	   11,	  20,	   265,	-9999,	-9999,	-9999,	    0,	-9999,	-9999
	2011,	   11,	  21,	   266,	-9999,	-9999,	-9999,	    0,	-9999,	-9999
	2011,	   11,	  22,	   267,	-9999,	-9999,	-9999,	    0,	-9999,	-9999
	2011,	   11,	  23,	   268,	-9999,	-9999,	-9999,	    0,	-9999,	-9999
	2011,	   11,	  24,	   269,	-9999,	-9999,	-9999,	  229,	-9999,	-9999
	2011,	   11,	  25,	   270,	-9999,	-9999,	-9999,	-9999,	-9999,	-9999
	2011,	   11,	  26,	   271,	-9999,	-9999,	-9999,	-9999,	-9999,	-9999
	2011,	   11,	  27,	   272,	-9999,	-9999,	-9999,	-9999,	-9999,	  178
	2011,	   11,	  28,	   273,	-9999,	-9999,	-9999,	    0,	-9999,	  305
	2011,	   11,	  29,	   274,	-9999,	-9999,	-9999,	    0,	-9999,	-9999
	2011,	   11,	  30,	   275,	-9999,	-9999,	-9999,	    8,	-9999,	-9999
	2011,	   12,	  1,	   276,	-9999,	-9999,	-9999,	   76,	    0,	-9999
	2011,	   12,	  2,	   277,	-9999,	-9999,	-9999,	    0,	    0,	-9999
	2011,	   12,	  3,	   278,	-9999,	-9999,	-9999,	    0,	    0,	-9999
	2011,	   12,	  4,	   279,	-9999,	-9999,	-9999,	    0,	-9999,	-9999
	2011,	   12,	  5,	   280,	-9999,	-9999,	-9999,	    0,	    0,	-9999
	2011,	   12,	  6,	   281,	-9999,	-9999,	-9999,	    0,	    0,	-9999
	2011,	   12,	  7,	   282,	-9999,	-9999,	-9999,	  140,	    0,	  178
	2011,	   12,	  8,	   283,	-9999,	-9999,	-9999,	-9999,	    0,	-9999
	2011,	   12,	  9,	   284,	-9999,	-9999,	-9999,	-9999,	    0,	-9999
	2011,	   12,	  10,	   285,	-9999,	-9999,	-9999,	-9999,	    0,	-9999
	2011,	   12,	  11,	   286,	-9999,	-9999,	-9999,	-9999,	-9999,	-9999
	2011,	   12,	  12,	   287,	-9999,	-9999,	-9999,	-9999,	-9999,	-9999
	2011,	   12,	  13,	   288,	-9999,	-9999,	-9999,	-9999,	    0,	-9999
	2011,	   12,	  14,	   289,	-9999,	-9999,	-9999,	-9999,	    0,	-9999
	2011,	   12,	  15,	   290,	-9999,	-9999,	-9999,	-9999,	-9999,	-9999
	2011,	   12,	  16,	   291,	-9999,	-9999,	-9999,	-9999,	    0,	-9999
	2011,	   12,	  17,	   292,	-9999,	-9999,	-9999,	-9999,	-9999,	-9999
	2011,	   12,	  18,	   293,	-9999,	-9999,	-9999,	-9999,	-9999,	-9999
	2011,	   12,	  19,	   294,	-9999,	-9999,	-9999,	-9999,	    0,	-9999
	2011,	   12,	  20,	   295,	-9999,	-9999,	-9999,	-9999,	    0,	-9999
	2011,	   12,	  21,	   296,	-9999,	-9999,	-9999,	-9999,	    0,	-9999
	2011,	   12,	  22,	   297,	-9999,	-9999,	-9999,	-9999,	    0,	-9999
	2011,	   12,	  23,	   298,	-9999,	-9999,	-9999,	-9999,	    0,	-9999
	2011,	   12,	  24,	   299,	-9999,	-9999,	-9999,	-9999,	  229,	-9999
	2011,	   12,	  25,	   300,	-9999,	-9999,	-9999,	-9999,	-9999,	-9999
	2011,	   12,	  26,	   301,	-9999,	-9999,	-9999,	-9999,	-9999,	-9999
	2011,	   12,	  27,	   302,	-9999,	-9999,	-9999,	-9999,	-9999,	  178
	2011,	   12,	  28,	   303,	-9999,	-9999,	-9999,	-9999,	    0,	  305
	2011,	   12,	  29,	   304,	-9999,	-9999,	-9999,	-9999,	    0,	-9999
	2011,	   12,	  30,	   305,	-9999,	-9999,	-9999,	-9999,	-9999,	-9999
	2011,	   12,	  31,	   306,	-9999,	-9999,	-9999,	-9999,	-9999,	-9999
	2012,	   04,	  1,	   1,	-9999,	-9999,	-9999,	    0,	-9999,	-9999
	2012,	   04,	  2,	   2,	-9999,	-9999,	-9999,	    0,	    0,	-9999
	2012,	   04,	  3,	   3,	-9999,	-9999,	-9999,	    0,	    0,	-9999
	2012,	   04,	  4,	   4,	-9999,	-9999,	-9999,	    0,	    0,	-9999
	2012,	   04,	  5,	   5,	-9999,	-9999,	-9999,	    0,	-9999,	-9999
	2012,	   04,	  6,	   6,	-9999,	-9999,	-9999,	    0,	-9999,	-9999
	2012,	   04,	  7,	   7,	-9999,	-9999,	-9999,	    0,	-9999,	  178
	2012,	   04,	  8,	   8,	-9999,	-9999,	-9999,	    0,	-9999,	-9999
	2012,	   04,	  9,	   9,	-9999,	-9999,	-9999,	   53,	-9999,	-9999
	2012,	   04,	  10,	   10,	-9999,	-9999,	-9999,	    5,	-9999,	-9999
	2012,	   04,	  11,	   11,	-9999,	-9999,	-9999,	   18,	-9999,	-9999
	2012,	   04,	  12,	   12,	-9999,	-9999,	-9999,	    8,	-9999,	-9999
	2012,	   04,	  13,	   13,	-9999,	-9999,	-9999,	    0,	-9999,	-9999
	2012,	   04,	  14,	   14,	-9999,	-9999,	-9999,	    0,	-9999,	-9999
	2012,	   04,	  15,	   15,	-9999,	-9999,	-9999,	    0,	-9999,	-9999
	2012,	   04,	  16,	   16,	-9999,	-9999,	-9999,	    0,	-9999,	-9999
	2012,	   04,	  17,	   17,	-9999,	-9999,	-9999,	    0,	-9999,	-9999
	2012,	   04,	  18,	   18,	-9999,	-9999,	-9999,	    0,	-9999,	-9999
	2012,	   04,	  19,	   19,	-9999,	-9999,	-9999,	    0,	-9999,	-9999
	2012,	   04,	  20,	   20,	-9999,	-9999,	-9999,	    0,	-9999,	-9999
	2012,	   04,	  21,	   21,	-9999,	-9999,	-9999,	    0,	-9999,	-9999
	2012,	   04,	  22,	   22,	-9999,	-9999,	-9999,	   30,	-9999,	-9999
	2012,	   04,	  23,	   23,	-9999,	-9999,	-9999,	  132,	-9999,	-9999
	2012,	   04,	  24,	   24,	-9999,	-9999,	-9999,	  546,	-9999,	-9999
	2012,	   04,	  25,	   25,	-9999,	-9999,	-9999,	    0,	-9999,	-9999
	2012,	   04,	  26,	   26,	-9999,	-9999,	-9999,	    0,	-9999,	-9999
	2012,	   04,	  27,	   27,	-9999,	-9999,	-9999,	  117,	-9999,	  178
	2012,	   04,	  28,	   28,	-9999,	-9999,	-9999,	   56,	-9999,	  305
	2012,	   04,	  29,	   29,	-9999,	-9999,	-9999,	    0,	-9999,	-9999
	2012,	   04,	  30,	   30,	-9999,	-9999,	-9999,	    0,	-9999,	-9999
	2012,	   05,	  1,	   31,	-9999,	-9999,	-9999,	    0,	    0,	-9999
	2012,	   05,	  2,	   32,	-9999,	-9999,	-9999,	  104,	    0,	-9999
	2012,	   05,	  3,	   33,	-9999,	-9999,	-9999,	    0,	-9999,	-9999
	2012,	   05,	  4,	   34,	-9999,	-9999,	-9999,	    0,	    0,	-9999
	2012,	   05,	  5,	   35,	-9999,	-9999,	-9999,	   76,	    0,	-9999
	2012,	   05,	  6,	   36,	-9999,	-9999,	-9999,	    3,	    0,	-9999
	2012,	   05,	  7,	   37,	-9999,	-9999,	-9999,	    0,	    0,	  178
	2012,	   05,	  8,	   38,	-9999,	-9999,	-9999,	    0,	    0,	-9999
	2012,	   05,	  9,	   39,	-9999,	-9999,	-9999,	  142,	-9999,	-9999
	2012,	   05,	  10,	   40,	-9999,	-9999,	-9999,	  109,	-9999,	-9999
	2012,	   05,	  11,	   41,	-9999,	-9999,	-9999,	  305,	-9999,	-9999
	2012,	   05,	  12,	   42,	-9999,	-9999,	-9999,	    0,	-9999,	-9999
	2012,	   05,	  13,	   43,	-9999,	-9999,	-9999,	    0,	    0,	-9999
	2012,	   05,	  14,	   44,	-9999,	-9999,	-9999,	    0,	    0,	-9999
	2012,	   05,	  15,	   45,	-9999,	-9999,	-9999,	   64,	    0,	-9999
	2012,	   05,	  16,	   46,	-9999,	-9999,	-9999,	  112,	    0,	-9999
	2012,	   05,	  17,	   47,	-9999,	-9999,	-9999,	   38,	    0,	-9999
	2012,	   05,	  18,	   48,	-9999,	-9999,	-9999,	    0,	    0,	-9999
	2012,	   05,	  19,	   49,	-9999,	-9999,	-9999,	    0,	    0,	-9999
	2012,	   05,	  20,	   50,	-9999,	-9999,	-9999,	    0,	    0,	-9999
	2012,	   05,	  21,	   51,	-9999,	-9999,	-9999,	    0,	    0,	-9999
	2012,	   05,	  22,	   52,	-9999,	-9999,	-9999,	    3,	-9999,	-9999
	2012,	   05,	  23,	   53,	-9999,	-9999,	-9999,	   56,	-9999,	-9999
	2012,	   05,	  24,	   54,	-9999,	-9999,	-9999,	   33,	-9999,	-9999
	2012,	   05,	  25,	   55,	-9999,	-9999,	-9999,	    0,	    0,	-9999
	2012,	   05,	  26,	   56,	-9999,	-9999,	-9999,	    0,	    0,	-9999
	2012,	   05,	  27,	   57,	-9999,	-9999,	-9999,	    0,	-9999,	  178
	2012,	   05,	  28,	   58,	-9999,	-9999,	-9999,	   28,	-9999,	  305
	2012,	   05,	  29,	   59,	-9999,	-9999,	-9999,	   48,	    0,	-9999
	2012,	   05,	  30,	   60,	-9999,	-9999,	-9999,	  175,	    0,	-9999
	2012,	   05,	  31,	   61,	-9999,	-9999,	-9999,	    0,	-9999,	-9999
	2012,	   06,	  1,	   62,	-9999,	-9999,	-9999,	    0,	    0,	-9999
	2012,	   06,	  2,	   63,	-9999,	-9999,	-9999,	    0,	-9999,	-9999
	2012,	   06,	  3,	   64,	-9999,	-9999,	-9999,	  135,	    0,	-9999
	2012,	   06,	  4,	   65,	-9999,	-9999,	-9999,	  414,	-9999,	-9999
	2012,	   06,	  5,	   66,	-9999,	-9999,	-9999,	   58,	-9999,	-9999
	2012,	   06,	  6,	   67,	-9999,	-9999,	-9999,	   18,	-9999,	-9999
	2012,	   06,	  7,	   68,	-9999,	-9999,	-9999,	   18,	    0,	  178
	2012,	   06,	  8,	   69,	-9999,	-9999,	-9999,	    5,	    0,	-9999
	2012,	   06,	  9,	   70,	-9999,	-9999,	-9999,	-9999,	-9999,	-9999
	2012,	   06,	  10,	   71,	-9999,	-9999,	-9999,	-9999,	-9999,	-9999
	2012,	   06,	  11,	   72,	-9999,	-9999,	-9999,	-9999,	-9999,	-9999
	2012,	   06,	  12,	   73,	-9999,	-9999,	-9999,	-9999,	    0,	-9999
	2012,	   06,	  13,	   74,	-9999,	-9999,	-9999,	-9999,	    0,	-9999
	2012,	   06,	  14,	   75,	-9999,	-9999,	-9999,	-9999,	    0,	-9999
	2012,	   06,	  15,	   76,	-9999,	-9999,	-9999,	-9999,	-9999,	-9999
	2012,	   06,	  16,	   77,	-9999,	-9999,	-9999,	-9999,	-9999,	-9999
	2012,	   06,	  17,	   78,	-9999,	-9999,	-9999,	-9999,	-9999,	-9999
	2012,	   06,	  18,	   79,	-9999,	-9999,	-9999,	-9999,	    0,	-9999
	2012,	   06,	  19,	   80,	-9999,	-9999,	-9999,	    0,	    0,	-9999
	2012,	   06,	  20,	   81,	-9999,	-9999,	-9999,	    0,	    0,	-9999
	2012,	   06,	  21,	   82,	-9999,	-9999,	-9999,	   33,	    0,	-9999
	2012,	   06,	  22,	   83,	-9999,	-9999,	-9999,	    0,	-9999,	-9999
	2012,	   06,	  23,	   84,	-9999,	-9999,	-9999,	   13,	-9999,	-9999
	2012,	   06,	  24,	   85,	-9999,	-9999,	-9999,	  246,	-9999,	-9999
	2012,	   06,	  25,	   86,	-9999,	-9999,	-9999,	   43,	    0,	-9999
	2012,	   06,	  26,	   87,	-9999,	-9999,	-9999,	  384,	    0,	-9999
	2012,	   06,	  27,	   88,	-9999,	-9999,	-9999,	  394,	    0,	  178
	2012,	   06,	  28,	   89,	-9999,	-9999,	-9999,	-9999,	-9999,	  305
	2012,	   06,	  29,	   90,	-9999,	-9999,	-9999,	-9999,	-9999,	-9999
	2012,	   06,	  30,	   91,	-9999,	-9999,	-9999,	-9999,	-9999,	-9999
	2012,	   07,	  1,	   92,	-9999,	-9999,	-9999,	    0,	    0,	-9999
	2012,	   07,	  2,	   93,	-9999,	-9999,	-9999,	   41,	    0,	-9999
	2012,	   07,	  3,	   94,	-9999,	-9999,	-9999,	    3,	-9999,	-9999
	2012,	   07,	  4,	   95,	-9999,	-9999,	-9999,	    5,	-9999,	-9999
	2012,	   07,	  5,	   96,	-9999,	-9999,	-9999,	    0,	-9999,	-9999
	2012,	   07,	  6,	   97,	-9999,	-9999,	-9999,	    0,	-9999,	-9999
	2012,	   07,	  7,	   98,	-9999,	-9999,	-9999,	    0,	-9999,	  178
	2012,	   07,	  8,	   99,	-9999,	-9999,	-9999,	    0,	-9999,	-9999
	2012,	   07,	  9,	   100,	-9999,	-9999,	-9999,	    0,	-9999,	-9999
	2012,	   07,	  10,	   101,	-9999,	-9999,	-9999,	    0,	-9999,	-9999
	2012,	   07,	  11,	   102,	-9999,	-9999,	-9999,	    0,	-9999,	-9999
	2012,	   07,	  12,	   103,	-9999,	-9999,	-9999,	    0,	-9999,	-9999
	2012,	   07,	  13,	   104,	-9999,	-9999,	-9999,	    0,	-9999,	-9999
	2012,	   07,	  14,	   105,	-9999,	-9999,	-9999,	    0,	-9999,	-9999
	2012,	   07,	  15,	   106,	-9999,	-9999,	-9999,	   23,	-9999,	-9999
	2012,	   07,	  16,	   107,	-9999,	-9999,	-9999,	    0,	-9999,	-9999
	2012,	   07,	  17,	   108,	-9999,	-9999,	-9999,	    0,	-9999,	-9999
	2012,	   07,	  18,	   109,	-9999,	-9999,	-9999,	   23,	-9999,	-9999
	2012,	   07,	  19,	   110,	-9999,	-9999,	-9999,	    0,	-9999,	-9999
	2012,	   07,	  20,	   111,	-9999,	-9999,	-9999,	    0,	    0,	-9999
	2012,	   07,	  21,	   112,	-9999,	-9999,	-9999,	    0,	-9999,	-9999
	2012,	   07,	  22,	   113,	-9999,	-9999,	-9999,	    0,	    0,	-9999
	2012,	   07,	  23,	   114,	-9999,	-9999,	-9999,	    0,	-9999,	-9999
	2012,	   07,	  24,	   115,	-9999,	-9999,	-9999,	    0,	-9999,	-9999
	2012,	   07,	  25,	   116,	-9999,	-9999,	-9999,	   64,	-9999,	-9999
	2012,	   07,	  26,	   117,	-9999,	-9999,	-9999,	    0,	-9999,	-9999
	2012,	   07,	  27,	   118,	-9999,	-9999,	-9999,	    0,	-9999,	  178
	2012,	   07,	  28,	   119,	-9999,	-9999,	-9999,	    0,	-9999,	  305
	2012,	   07,	  29,	   120,	-9999,	-9999,	-9999,	    0,	-9999,	-9999
	2012,	   07,	  30,	   121,	-9999,	-9999,	-9999,	   33,	-9999,	-9999
	2012,	   07,	  31,	   122,	-9999,	-9999,	-9999,	-9999,	    0,	-9999
	2012,	   08,	  1,	   123,	-9999,	-9999,	-9999,	  152,	    0,	-9999
	2012,	   08,	  2,	   124,	-9999,	-9999,	-9999,	    0,	-9999,	-9999
	2012,	   08,	  3,	   125,	-9999,	-9999,	-9999,	    0,	-9999,	-9999
	2012,	   08,	  4,	   126,	-9999,	-9999,	-9999,	    0,	-9999,	-9999
	2012,	   08,	  5,	   127,	-9999,	-9999,	-9999,	    0,	-9999,	-9999
	2012,	   08,	  6,	   128,	-9999,	-9999,	-9999,	    0,	    0,	-9999
	2012,	   08,	  7,	   129,	-9999,	-9999,	-9999,	    0,	    0,	  178
	2012,	   08,	  8,	   130,	-9999,	-9999,	-9999,	    0,	    0,	-9999
	2012,	   08,	  9,	   131,	-9999,	-9999,	-9999,	    0,	    0,	-9999
	2012,	   08,	  10,	   132,	-9999,	-9999,	-9999,	   18,	    0,	-9999
	2012,	   08,	  11,	   133,	-9999,	-9999,	-9999,	   74,	    0,	-9999
	2012,	   08,	  12,	   134,	-9999,	-9999,	-9999,	   18,	    0,	-9999
	2012,	   08,	  13,	   135,	-9999,	-9999,	-9999,	    0,	    0,	-9999
	2012,	   08,	  14,	   136,	-9999,	-9999,	-9999,	    0,	    0,	-9999
	2012,	   08,	  15,	   137,	-9999,	-9999,	-9999,	    0,	-9999,	-9999
	2012,	   08,	  16,	   138,	-9999,	-9999,	-9999,	   41,	    0,	-9999
	2012,	   08,	  17,	   139,	-9999,	-9999,	-9999,	  490,	    0,	-9999
	2012,	   08,	  18,	   140,	-9999,	-9999,	-9999,	    5,	-9999,	-9999
	2012,	   08,	  19,	   141,	-9999,	-9999,	-9999,	    0,	    0,	-9999
	2012,	   08,	  20,	   142,	-9999,	-9999,	-9999,	    0,	    0,	-9999
	2012,	   08,	  21,	   143,	-9999,	-9999,	-9999,	    0,	    0,	-9999
	2012,	   08,	  22,	   144,	-9999,	-9999,	-9999,	    0,	    0,	-9999
	2012,	   08,	  23,	   145,	-9999,	-9999,	-9999,	    0,	    0,	-9999
	2012,	   08,	  24,	   146,	-9999,	-9999,	-9999,	    0,	    0,	-9999
	2012,	   08,	  25,	   147,	-9999,	-9999,	-9999,	    0,	-9999,	-9999
	2012,	   08,	  26,	   148,	-9999,	-9999,	-9999,	    0,	    0,	-9999
	2012,	   08,	  27,	   149,	-9999,	-9999,	-9999,	    0,	    0,	  178
	2012,	   08,	  28,	   150,	-9999,	-9999,	-9999,	   38,	    0,	  305
	2012,	   08,	  29,	   151,	-9999,	-9999,	-9999,	    8,	    0,	-9999
	2012,	   08,	  30,	   152,	-9999,	-9999,	-9999,	    0,	-9999,	-9999
	2012,	   08,	  31,	   153,	-9999,	-9999,	-9999,	    0,	-9999,	-9999
	2012,	   09,	  1,	   154,	-9999,	-9999,	-9999,	    0,	-9999,	-9999
	2012,	   09,	  2,	   155,	-9999,	-9999,	-9999,	    0,	    0,	-9999
	2012,	   09,	  3,	   156,	-9999,	-9999,	-9999,	   20,	    0,	-9999
	2012,	   09,	  4,	   157,	-9999,	-9999,	-9999,	    0,	    0,	-9999
	2012,	   09,	  5,	   158,	-9999,	-9999,	-9999,	  521,	    0,	-9999
	2012,	   09,	  6,	   159,	-9999,	-9999,	-9999,	  465,	    0,	-9999
	2012,	   09,	  7,	   160,	-9999,	-9999,	-9999,	    0,	    0,	  178
	2012,	   09,	  8,	   161,	-9999,	-9999,	-9999,	    0,	    0,	-9999
	2012,	   09,	  9,	   162,	-9999,	-9999,	-9999,	   41,	    0,	-9999
	2012,	   09,	  10,	   163,	-9999,	-9999,	-9999,	    0,	-9999,	-9999
	2012,	   09,	  11,	   164,	-9999,	-9999,	-9999,	    0,	-9999,	-9999
	2012,	   09,	  12,	   165,	-9999,	-9999,	-9999,	    0,	-9999,	-9999
	2012,	   09,	  13,	   166,	-9999,	-9999,	-9999,	    0,	-9999,	-9999
	2012,	   09,	  14,	   167,	-9999,	-9999,	-9999,	    0,	    0,	-9999
	2012,	   09,	  15,	   168,	-9999,	-9999,	-9999,	    0,	    0,	-9999
	2012,	   09,	  16,	   169,	-9999,	-9999,	-9999,	    0,	-9999,	-9999
	2012,	   09,	  17,	   170,	-9999,	-9999,	-9999,	    0,	-9999,	-9999
	2012,	   09,	  18,	   171,	-9999,	-9999,	-9999,	    0,	-9999,	-9999
	2012,	   09,	  19,	   172,	-9999,	-9999,	-9999,	  119,	    0,	-9999
	2012,	   09,	  20,	   173,	-9999,	-9999,	-9999,	   53,	    0,	-9999
	2012,	   09,	  21,	   174,	-9999,	-9999,	-9999,	    0,	    0,	-9999
	2012,	   09,	  22,	   175,	-9999,	-9999,	-9999,	   41,	    0,	-9999
	2012,	   09,	  23,	   176,	-9999,	-9999,	-9999,	   23,	    0,	-9999
	2012,	   09,	  24,	   177,	-9999,	-9999,	-9999,	    0,	    0,	-9999
	2012,	   09,	  25,	   178,	-9999,	-9999,	-9999,	    0,	    0,	-9999
	2012,	   09,	  26,	   179,	-9999,	-9999,	-9999,	    0,	    0,	-9999
	2012,	   09,	  27,	   180,	-9999,	-9999,	-9999,	    0,	    0,	  178
	2012,	   09,	  28,	   181,	-9999,	-9999,	-9999,	    0,	-9999,	  305
	2012,	   09,	  29,	   182,	-9999,	-9999,	-9999,	   33,	-9999,	-9999
	2012,	   09,	  30,	   183,	-9999,	-9999,	-9999,	-9999,	    0,	-9999
	2012,	   10,	  1,	   184,	-9999,	-9999,	-9999,	-9999,	    0,	-9999
	2012,	   10,	  2,	   185,	-9999,	-9999,	-9999,	    0,	    0,	-9999
	2012,	   10,	  3,	   186,	-9999,	-9999,	-9999,	    0,	-9999,	-9999
	2012,	   10,	  4,	   187,	-9999,	-9999,	-9999,	   23,	    0,	-9999
	2012,	   10,	  5,	   188,	-9999,	-9999,	-9999,	  114,	-9999,	-9999
	2012,	   10,	  6,	   189,	-9999,	-9999,	-9999,	   13,	-9999,	-9999
	2012,	   10,	  7,	   190,	-9999,	-9999,	-9999,	  117,	    0,	  178
	2012,	   10,	  8,	   191,	-9999,	-9999,	-9999,	  140,	    0,	-9999
	2012,	   10,	  9,	   192,	-9999,	-9999,	-9999,	    0,	-9999,	-9999
	2012,	   10,	  10,	   193,	-9999,	-9999,	-9999,	    0,	    0,	-9999
	2012,	   10,	  11,	   194,	-9999,	-9999,	-9999,	  155,	    0,	-9999
	2012,	   10,	  12,	   195,	-9999,	-9999,	-9999,	-9999,	    0,	-9999
	2012,	   10,	  13,	   196,	-9999,	-9999,	-9999,	-9999,	    0,	-9999
	2012,	   10,	  14,	   197,	-9999,	-9999,	-9999,	-9999,	    0,	-9999
	2012,	   10,	  15,	   198,	-9999,	-9999,	-9999,	-9999,	    0,	-9999
	2012,	   10,	  16,	   199,	-9999,	-9999,	-9999,	-9999,	    0,	-9999
	2012,	   10,	  17,	   200,	-9999,	-9999,	-9999,	-9999,	    0,	-9999
	2012,	   10,	  18,	   201,	-9999,	-9999,	-9999,	-9999,	    0,	-9999
	2012,	   10,	  19,	   202,	-9999,	-9999,	-9999,	-9999,	-9999,	-9999
	2012,	   10,	  20,	   203,	-9999,	-9999,	-9999,	-9999,	-9999,	-9999
	2012,	   10,	  21,	   204,	-9999,	-9999,	-9999,	-9999,	    0,	-9999
	2012,	   10,	  22,	   205,	-9999,	-9999,	-9999,	    0,	-9999,	-9999
	2012,	   10,	  23,	   206,	-9999,	-9999,	-9999,	    0,	-9999,	-9999
	2012,	   10,	  24,	   207,	-9999,	-9999,	-9999,	    0,	    0,	-9999
	2012,	   10,	  25,	   208,	-9999,	-9999,	-9999,	    0,	    0,	-9999
	2012,	   10,	  26,	   209,	-9999,	-9999,	-9999,	    0,	    0,	-9999
	2012,	   10,	  27,	   210,	-9999,	-9999,	-9999,	    0,	    0,	  178
	2012,	   10,	  28,	   211,	-9999,	-9999,	-9999,	    0,	    0,	  305
	2012,	   10,	  29,	   212,	-9999,	-9999,	-9999,	    5,	-9999,	-9999
	2012,	   10,	  30,	   213,	-9999,	-9999,	-9999,	  198,	-9999,	-9999
	2012,	   10,	  31,	   214,	-9999,	-9999,	-9999,	  119,	    0,	-9999
